Date,Clicks,Impressions,CTR,Position
2025-06-05,3,168,1.79%,46.5
2025-06-06,0,119,0%,49.6
2025-06-07,0,106,0%,46.2
2025-06-08,0,71,0%,39.6
2025-06-09,2,84,2.38%,34.6
2025-06-10,3,75,4%,39.8
2025-06-11,1,83,1.2%,36.8
2025-06-12,1,147,0.68%,39.4
2025-06-13,1,102,0.98%,33.7
2025-06-14,1,153,0.65%,36.9
2025-06-15,0,137,0%,36.7
2025-06-16,2,181,1.1%,31.9
2025-06-17,0,160,0%,29.8
2025-06-18,2,164,1.22%,28.7
2025-06-19,2,159,1.26%,28.8
2025-06-20,0,119,0%,39.1
2025-06-21,2,131,1.53%,43.5
2025-06-22,0,202,0%,34.2
2025-06-23,8,281,2.85%,22.9
2025-06-24,2,197,1.02%,26.5
2025-06-25,1,153,0.65%,27.2
2025-06-26,4,282,1.42%,24.2
2025-06-27,1,179,0.56%,28
2025-06-28,1,206,0.49%,32.7
2025-06-29,0,141,0%,30.4
2025-06-30,4,201,1.99%,25.3
2025-07-01,5,197,2.54%,28.7
2025-07-02,1,230,0.43%,26.3
2025-07-03,2,254,0.79%,26
2025-07-04,1,217,0.46%,26.5
2025-07-05,0,176,0%,34.1
2025-07-06,1,284,0.35%,21.9
2025-07-07,1,619,0.16%,16.6
2025-07-08,2,725,0.28%,18
2025-07-09,5,671,0.75%,18.8
2025-07-10,2,711,0.28%,18.3
2025-07-11,3,391,0.77%,20.1
2025-07-12,2,312,0.64%,36.5
2025-07-13,1,235,0.43%,34.8
2025-07-14,0,264,0%,29.6
2025-07-15,1,247,0.4%,33.3
2025-07-16,2,290,0.69%,38
2025-07-17,1,297,0.34%,36.4
2025-07-18,1,185,0.54%,38.9
2025-07-19,1,226,0.44%,40.3
2025-07-20,0,159,0%,49
2025-07-21,2,220,0.91%,42.2
2025-07-22,1,404,0.25%,33
2025-07-23,1,347,0.29%,36.7
2025-07-24,3,565,0.53%,36.8
2025-07-25,2,373,0.54%,35.1
2025-07-26,0,466,0%,39.9
2025-07-27,3,461,0.65%,32.4
2025-07-28,6,508,1.18%,24.3
2025-07-29,2,468,0.43%,26.4
2025-07-30,3,407,0.74%,31.1
2025-07-31,3,544,0.55%,28
2025-08-01,4,333,1.2%,30.3
2025-08-02,1,236,0.42%,45.5
2025-08-03,0,252,0%,53.4
2025-08-04,0,325,0%,58.6
2025-08-05,1,402,0.25%,59.6
2025-08-06,0,478,0%,52.4
2025-08-07,0,662,0%,53.1
2025-08-08,1,469,0.21%,52.7
2025-08-09,1,413,0.24%,42.2
2025-08-10,0,223,0%,34.3
2025-08-11,2,198,1.01%,38.3
2025-08-12,0,282,0%,48.7
2025-08-13,0,442,0%,48.6
2025-08-14,1,638,0.16%,45.6
2025-08-15,0,297,0%,33.2
2025-08-16,0,286,0%,28.8
2025-08-17,0,188,0%,30.7
2025-08-18,1,254,0.39%,25.6
2025-08-19,0,246,0%,26.5
2025-08-20,0,260,0%,31.5
2025-08-21,2,509,0.39%,30.8
2025-08-22,2,392,0.51%,29.6
2025-08-23,0,310,0%,29.6
2025-08-24,0,207,0%,26.6
2025-08-25,0,247,0%,28
2025-08-26,4,320,1.25%,27.6
2025-08-27,1,598,0.17%,46.4
2025-08-28,3,505,0.59%,33
2025-08-29,1,307,0.33%,30.8
2025-08-30,7,413,1.69%,37.3
2025-08-31,3,217,1.38%,49.7
2025-09-01,1,384,0.26%,57.3
2025-09-02,1,435,0.23%,62.5
2025-09-03,1,344,0.29%,62
2025-09-04,1,441,0.23%,58.8
2025-09-05,1,357,0.28%,61.8
2025-09-06,1,457,0.22%,65.4
2025-09-07,2,403,0.5%,61
2025-09-08,0,323,0%,61.7
2025-09-09,1,289,0.35%,56.7
2025-09-10,0,305,0%,56.1
2025-09-11,1,285,0.35%,49.9
2025-09-12,1,146,0.68%,45
2025-09-13,0,113,0%,56.5
2025-09-14,1,82,1.22%,49.3
2025-09-15,2,64,3.12%,38.3
2025-09-16,3,76,3.95%,21.7
2025-09-17,2,383,0.52%,23
2025-09-18,6,308,1.95%,19.8
2025-09-19,4,229,1.75%,12.3
2025-09-20,2,233,0.86%,22.4
2025-09-21,0,141,0%,21.8
2025-09-22,9,469,1.92%,11
2025-09-23,5,400,1.25%,13.5
2025-09-24,9,335,2.69%,10.8
2025-09-25,7,339,2.06%,12.7
2025-09-26,7,315,2.22%,10.7
2025-09-27,6,340,1.76%,17.6
2025-09-28,10,219,4.57%,13.3
2025-09-29,6,489,1.23%,9.5
2025-09-30,9,433,2.08%,10.7
2025-10-01,11,415,2.65%,9.5
2025-10-02,7,313,2.24%,9.3
2025-10-03,2,55,3.64%,15.6
2025-10-04,1,90,1.11%,41
2025-10-05,3,62,4.84%,15.5
2025-10-06,4,172,2.33%,11.2
2025-10-07,4,182,2.2%,14
2025-10-08,2,201,1%,12.4
2025-10-09,7,218,3.21%,13
2025-10-10,3,181,1.66%,13.6
2025-10-11,1,202,0.5%,21.2
2025-10-12,5,154,3.25%,16.4
2025-10-13,1,284,0.35%,28.9
2025-10-14,9,2195,0.41%,37.3
2025-10-15,18,2016,0.89%,32.3
2025-10-16,16,1479,1.08%,22.7
2025-10-17,11,1622,0.68%,28
2025-10-18,11,774,1.42%,24.8
2025-10-19,3,295,1.02%,18.1
2025-10-20,5,290,1.72%,14.6
2025-10-21,5,412,1.21%,16.5
2025-10-22,2,405,0.49%,14.4
2025-10-23,7,443,1.58%,13.7
2025-10-24,8,325,2.46%,13.6
2025-10-25,9,352,2.56%,20.4
2025-10-26,11,290,3.79%,12.5
2025-10-27,5,292,1.71%,13.4
2025-10-28,8,323,2.48%,14.3
2025-10-29,7,340,2.06%,13.4
2025-10-30,6,402,1.49%,20.5
2025-10-31,2,364,0.55%,17.4
2025-11-01,3,385,0.78%,18.1
2025-11-02,14,457,3.06%,10.7
2025-11-03,11,537,2.05%,10.7
2025-11-04,3,544,0.55%,13.5
2025-11-05,7,494,1.42%,15
2025-11-06,7,320,2.19%,11
2025-11-07,5,427,1.17%,13.2
2025-11-08,5,500,1%,17.2
2025-11-09,6,441,1.36%,15.3
2025-11-10,0,337,0%,10.7
2025-11-11,3,237,1.27%,14
2025-11-12,0,27,0%,26.4
2025-11-13,1,29,3.45%,10.9
2025-11-14,1,121,0.83%,5.4
2025-11-15,4,386,1.04%,6.2
2025-11-16,4,400,1%,6.2
2025-11-17,1,330,0.3%,5.7
2025-11-18,1,304,0.33%,7.9
2025-11-19,3,247,1.21%,9.1
2025-11-20,3,233,1.29%,7.3
2025-11-21,1,188,0.53%,7.3
2025-11-22,6,175,3.43%,5.4
2025-11-23,3,171,1.75%,6.6
2025-11-24,1,172,0.58%,7.7
2025-11-25,1,131,0.76%,16
2025-11-26,2,159,1.26%,7.9
2025-11-27,0,115,0%,6.5
2025-11-28,0,109,0%,4.9
2025-11-29,1,43,2.33%,5.5
2025-11-30,2,23,8.7%,5
2025-12-01,0,21,0%,5.8
2025-12-02,0,14,0%,9.4
2025-12-03,0,23,0%,4.9
2026-09-13,6,118,5.08%,4.6
2026-09-14,4,214,1.87%,8.4
2026-09-15,6,276,2.17%,32.4
2026-09-16,3,186,1.61%,19.5
2026-09-17,4,176,2.27%,9
2026-09-18,3,161,1.86%,17.1
2026-09-19,5,157,3.18%,30.4
2026-09-20,4,127,3.15%,18.4
2026-09-21,3,136,2.21%,13.8
2026-09-22,5,191,2.62%,15.3
2026-09-23,4,94,4.26%,11.4
2026-09-24,0,101,0%,18.6
2026-09-25,2,94,2.13%,17.7
2026-09-26,1,85,1.18%,22.6
2026-09-27,1,109,0.92%,19.6
2026-09-28,4,99,4.04%,16.4
2026-09-29,2,166,1.2%,23.2
2026-09-30,7,119,5.88%,18.3
2026-10-01,4,104,3.85%,18.4
2026-10-02,3,94,3.19%,31
2026-10-03,6,85,7.06%,42.3
2026-10-04,3,70,4.29%,26.2