Country,Clicks,Impressions,CTR,Position
United Kingdom,447,36536,1.22%,31.33
Germany,108,9697,1.11%,25.15
United States,17,5940,0.29%,15.98
Ireland,7,2505,0.28%,31.98
Switzerland,5,296,1.69%,15.79
France,5,128,3.91%,15.09
Austria,3,700,0.43%,13.95
India,3,447,0.67%,29.87
Italy,2,129,1.55%,18.6
Poland,2,108,1.85%,15.55
Indonesia,1,168,0.6%,22.08
Russia,1,154,0.65%,39.06
Turkey,1,120,0.83%,25.6
New Zealand,1,45,2.22%,30.71
Croatia,1,19,5.26%,16.05
Slovenia,1,12,8.33%,48.83
Syria,1,3,33.33%,18.33
Brazil,0,605,0%,35.36
Japan,0,466,0%,7.07
Spain,0,274,0%,19.04
Canada,0,247,0%,25.83
Australia,0,193,0%,27.32
Philippines,0,171,0%,22.73
Vietnam,0,158,0%,38.2
South Korea,0,147,0%,30.82
Netherlands,0,119,0%,20.79
Mexico,0,97,0%,24.4
Argentina,0,88,0%,37.09
Bangladesh,0,75,0%,32.81
Ukraine,0,69,0%,26.86
Pakistan,0,67,0%,30.52
South Africa,0,64,0%,27.38
Malaysia,0,63,0%,20.98
Colombia,0,62,0%,37.27
Saudi Arabia,0,59,0%,18.31
Romania,0,55,0%,18.29
Guernsey,0,55,0%,42.82
Jersey,0,54,0%,38.57
Taiwan,0,53,0%,13.58
Thailand,0,51,0%,26.43
Belgium,0,49,0%,16.61
Egypt,0,46,0%,36
Hungary,0,42,0%,22.88
Iraq,0,41,0%,34.17
Greece,0,38,0%,20.21
Ecuador,0,38,0%,42.74
Algeria,0,37,0%,35.81
Sweden,0,36,0%,13.08
Lithuania,0,35,0%,17.46
Denmark,0,34,0%,10.38
Bulgaria,0,34,0%,19.94
Czechia,0,34,0%,29.21
Finland,0,33,0%,15.52
Morocco,0,31,0%,28.94
Peru,0,30,0%,20.47
Singapore,0,29,0%,17.62
Israel,0,29,0%,25.59
Portugal,0,26,0%,8.42
Cyprus,0,26,0%,26.15
Norway,0,25,0%,11.44
Hong Kong,0,24,0%,9
Venezuela,0,24,0%,39
United Arab Emirates,0,21,0%,29.95
Uzbekistan,0,21,0%,36.43
Malta,0,21,0%,65.19
Chile,0,19,0%,23.53
Serbia,0,18,0%,12.83
Kenya,0,18,0%,35.78
Dominican Republic,0,17,0%,28.47
Cambodia,0,16,0%,19.62
Slovakia,0,16,0%,21.75
Nigeria,0,15,0%,13.2
Isle of Man,0,15,0%,13.27
Uruguay,0,15,0%,22.53
Luxembourg,0,14,0%,11.21
Iceland,0,14,0%,41.21
Estonia,0,13,0%,24.62
Jordan,0,13,0%,28.23
Kazakhstan,0,12,0%,26
Tunisia,0,12,0%,28.58
Trinidad & Tobago,0,12,0%,31.33
Costa Rica,0,11,0%,18.64
Guatemala,0,11,0%,29.27
Bosnia & Herzegovina,0,11,0%,31.36
Armenia,0,11,0%,32.64
Honduras,0,11,0%,33.45
Latvia,0,11,0%,35
Bolivia,0,11,0%,36.73
China,0,10,0%,7.1
Belarus,0,10,0%,23.6
El Salvador,0,10,0%,23.9
Nepal,0,10,0%,26.2
Moldova,0,10,0%,30.4
Albania,0,10,0%,32.2
Ethiopia,0,9,0%,28.11
Macedonia,0,9,0%,34.11
Azerbaijan,0,7,0%,8
Iran,0,7,0%,14.14
Georgia,0,7,0%,16.71
Andorra,0,7,0%,60.86
Montenegro,0,7,0%,71.29
Seychelles,0,6,0%,9.67
Ghana,0,6,0%,13.17
Jamaica,0,6,0%,22.5
Cameroon,0,6,0%,24.17
Côte d’Ivoire,0,6,0%,30.33
Tanzania,0,6,0%,33.33
Myanmar (Burma),0,5,0%,11.2
Kuwait,0,5,0%,16.6
Nicaragua,0,5,0%,18.4
Sri Lanka,0,5,0%,22
Barbados,0,5,0%,32.4
Panama,0,5,0%,33.8
Paraguay,0,5,0%,36.2
Unknown Region,0,5,0%,39.8
Senegal,0,5,0%,41
Burkina Faso,0,5,0%,53
Angola,0,4,0%,11.75
Uganda,0,4,0%,11.75
Lebanon,0,4,0%,13.5
Mongolia,0,4,0%,13.75
Oman,0,4,0%,27.5
Bahrain,0,4,0%,31.5
Gabon,0,4,0%,52
Réunion,0,3,0%,5.33
Libya,0,3,0%,27.33
Benin,0,3,0%,28.67
Liechtenstein,0,3,0%,36.67
Martinique,0,2,0%,1
Puerto Rico,0,2,0%,1
Yemen,0,2,0%,5
Kosovo,0,2,0%,7
Madagascar,0,2,0%,34
Congo - Kinshasa,0,2,0%,38.5
Zimbabwe,0,2,0%,51.5
Rwanda,0,2,0%,54
Kyrgyzstan,0,2,0%,73
Palestine,0,2,0%,85
Botswana,0,1,0%,1
Cuba,0,1,0%,1
Brunei,0,1,0%,2
Swaziland,0,1,0%,3
Monaco,0,1,0%,4
Belize,0,1,0%,6
San Marino,0,1,0%,6
Antigua & Barbuda,0,1,0%,7
Haiti,0,1,0%,8
Sudan,0,1,0%,8
Cape Verde,0,1,0%,9
Guadeloupe,0,1,0%,9
Sint Maarten,0,1,0%,9
Aruba,0,1,0%,10
Faroe Islands,0,1,0%,10
Mali,0,1,0%,10
Zambia,0,1,0%,10
Maldives,0,1,0%,11
Curaçao,0,1,0%,12
Bahamas,0,1,0%,14
Micronesia,0,1,0%,14
Qatar,0,1,0%,28
Togo,0,1,0%,40
Guam,0,1,0%,48
Congo - Brazzaville,0,1,0%,50
Tajikistan,0,1,0%,62
Namibia,0,1,0%,67
Bermuda,0,1,0%,69
Grenada,0,1,0%,72
Turkmenistan,0,1,0%,85
Anguilla,0,1,0%,86
Mozambique,0,1,0%,95