Top pages,Clicks,Impressions,CTR,Position
https://niheatingoil.com/,438,42265,1.04%,29.64
https://niheatingoil.com/blog/how-to-dispose-home-heating-oil,9,2137,0.42%,47.8
https://niheatingoil.com/blog/heating-oil-tank-sizes,6,1001,0.6%,38.24
https://niheatingoil.com/products/12780947/,4,62,6.45%,1.42
https://niheatingoil.com/compare,3,275,1.09%,48.12
https://niheatingoil.com/list/?q=goods/Schulte-Dominosteine-Zartbitter-1kg-Online-Kaufen-Im-World-Of/798242,3,44,6.82%,11.43
https://niheatingoil.com/contact,2,125,1.6%,44.33
https://niheatingoil.com/list/?q=goods/Sage-SP0024893-Wassertank-Fu00fcr-SNE800-Nespressoautomat/963656,2,13,15.38%,14.54
https://niheatingoil.com/list/?q=goods/Dreibein-165CM-Tri-Pod-Brandungs-Stu00e4nder-Sha/481803,2,7,28.57%,2.86
https://niheatingoil.com/list/?q=goods/300-500-Ng-ml-9/822575,2,6,33.33%,9.5
https://niheatingoil.com/list/?q=goods/1000-Pad-And-Tempo-PCB-DWX-4110-Bop-DJ/1191605,2,6,33.33%,10.83
https://niheatingoil.com/list/?q=goods/Assembly-Class-4P-Q1-Fowler-2-6-4T/757722,2,5,40%,9.2
https://niheatingoil.com/list/?q=goods/FILTER-FOR-WEBER-48-IDA-CARBURETOR/1354195,2,4,50%,8.25
https://niheatingoil.com/list/?q=goods/6-Meter-Galvanisch-Verzinkt-Helm-Eisen/879696,2,2,100%,2.5
https://niheatingoil.com/list/?q=goods/Handgelenk-Schiene-Orthese-Handbandage-Handgelenk-Stu00fctze/1208275,2,2,100%,6.5
https://niheatingoil.com/list/?q=goods/Notfall-Signal-Pfeife-Reini-Rossmann-Survival-Shop/884171,1,52,1.92%,4.21
https://niheatingoil.com/list/?q=goods/Opel-Mokka-Kosten-Intervalle-Infos/599868,1,50,2%,12.7
https://niheatingoil.com/list/?q=goods/Fu00fcr-Motorsense-Freischneider-4112-HEIMWERKEN/704948,1,43,2.33%,21.88
https://niheatingoil.com/list/?q=goods/Und-Betriebskondensator-1-5uf-400v-Mit-KAB-Online-Kaufen/1211779,1,39,2.56%,10.13
https://niheatingoil.com/list/?q=goods/Fu00fcr-Thermomix-TM5-TM6-Motor-Verriegelung-Messing-Ritzel/1371091,1,38,2.63%,9.68
https://niheatingoil.com/list/?q=goods/Fu00fcr-Telefunken-14-24-Zoll-Fernseher/500654,1,25,4%,30
https://niheatingoil.com/list/?q=goods/Ende-Der-1980Er-Bis/828931,1,20,5%,14.5
https://niheatingoil.com/list/?q=goods/560XP-XPG-562-XP-XPG-562-Xp-Xpg/963067,1,16,6.25%,11.62
https://niheatingoil.com/list/?q=goods/Braunschweiger-Mettwurst-Grob-Mit-Knoblauch-Bei-Online/516947,1,15,6.67%,7.67
https://niheatingoil.com/list/?q=goods/Tablett-Schokolade-Dick-Form-Erwachsene-Party/512979,1,14,7.14%,7.29
https://niheatingoil.com/list/?q=goods/PLW-PROLINE-NABENDECKEL-Felgendeckel-Nabenkappe-74mm-PLW074/995418,1,14,7.14%,11.57
https://niheatingoil.com/list/?q=goods/Genius-XL-2in1-Luftgrill-In-Baden/873913,1,13,7.69%,11.08
https://niheatingoil.com/list/?q=goods/Mod-306-XL-120-Bass-Akkordeon-Profis/1319845,1,12,8.33%,7.58
https://niheatingoil.com/list/?q=goods/POLYPROPYLENSEIL-16mm-50m-BLAU-Traglast-Bis-1880-Kg/757245,1,12,8.33%,41.5
https://niheatingoil.com/list/?q=goods/Sirokko-Heizung-Dieselheizung-266-001-Hallenheizung-Ca-14kW-In/1233989,1,11,9.09%,11.73
https://niheatingoil.com/list/?q=goods/Vorschub-Abricht-U-Dickenhobel-Scheppach-HMS850-HMS-850/1356935,1,10,10%,9.1
https://niheatingoil.com/list/?q=goods/Weiss-150-W-Mit-Dual-Batterie-System-Tests-Infos/768815,1,10,10%,10.7
https://niheatingoil.com/list/?q=goods/24-quot-Roomtex-Double-22-quot-Balloon4fun/1052203,1,9,11.11%,6.56
https://niheatingoil.com/list/?q=goods/Vorne-Selber-Wechseln-Toyota-Aygo-AB1/1108305,1,8,12.5%,11.25
https://niheatingoil.com/list/?q=goods/120-X-40-X-50-Cm-Floatglas-HORNBACH/1305201,1,8,12.5%,12.62
https://niheatingoil.com/list/?q=goods/5-L-Tu00fcrkis-Schu00fcssel-Schale-Servieren-Classic-Royal/573112,1,8,12.5%,16
https://niheatingoil.com/list/?q=goods/Lebensmittelechtem-EN-1-4301-Edelstahl-Kein-Schu00e4len/982260,1,7,14.29%,5.43
https://niheatingoil.com/list/?q=goods/Opel-Astra-G-OPC-Turbo-16V-Anzeigenhalter-Zusatzinstrumente-Gauge/903838,1,7,14.29%,6
https://niheatingoil.com/list/?q=goods/36L-Sphagnum-moos-Fu00fcr-Orchideen-Und/990948,1,7,14.29%,7.29
https://niheatingoil.com/list/?q=goods/Uni-Leo-Schwarz-Herrenschirme/533528,1,7,14.29%,28.29
https://niheatingoil.com/list/?q=goods/Abdeckung-Massiv-Verzierung-Keilerwaffen/526617,1,6,16.67%,4.33
https://niheatingoil.com/list/?q=goods/Spray-Fu00fcr-Opel-573-Tizianrot-Lackspray-400ml/1025032,1,6,16.67%,7.33
https://niheatingoil.com/list/?q=goods/Rauchglas-Moderne-Pendellampe-3-flammig-Hu00e4ngelampe-Rund/515570,1,6,16.67%,7.83
https://niheatingoil.com/list/?q=goods/Coil-Blue-Water-Mains-MDPE-Alkathene-Pipe-Roll-20mm-25mm-32mm-X/1019730,1,6,16.67%,9.17
https://niheatingoil.com/list/?q=goods/Nozzle-Spring-Force-Adjusting-Shims/1255698,1,6,16.67%,12.5
https://niheatingoil.com/list/?q=goods/KUNSTSTOFF-6-Elemente-Stecksystem-Stapelregal-Lagerregal-EUR/952066,1,6,16.67%,16.17
https://niheatingoil.com/list/?q=goods/Beschichtete-Tischdecke-HJERTEGRAS-140-Grau/1329054,1,5,20%,7
https://niheatingoil.com/list/?q=goods/6200K-90-XPlus-SH-Faltschloss-Sonderanfertigung-XPlus-Code/748658,1,5,20%,10
https://niheatingoil.com/list/?q=goods/OSRAM-Halogen-Halolux-T-ECO-60W-E14-Klar-64862-T-Ru00f6hre/1272755,1,5,20%,10
https://niheatingoil.com/list/?q=goods/Getreidefrei-Brocken-Kroketten/545109,1,5,20%,11
https://niheatingoil.com/list/?q=goods/Esmeyer-24-tlg-Besteck-MIRA-Farbe-Blau-Aus-Edelstahl-18-0/550075,1,5,20%,12.4
https://niheatingoil.com/list/?q=goods/Fu00fcr-Frontlader-Kat-3-Breite-1-M-In-Bayern/655370,1,5,20%,13.2
https://niheatingoil.com/list/?q=goods/20m-M40-40mm-Kopos-Elektrorohr-Stangenrohr-Leerrohr-Elektrokabel/672018,1,5,20%,16.4
https://niheatingoil.com/list/?q=goods/Dachrinne-Kastenform-RG200-Lu00e4nge-2-0-Meter/1224199,1,5,20%,20.2
https://niheatingoil.com/products/15278670/,1,4,25%,1.5
https://niheatingoil.com/products/7079114/,1,4,25%,1.5
https://niheatingoil.com/list/?q=goods/Geldbeutel-Leder-Damen-Fantini-Pelletteria/763013,1,4,25%,4.75
https://niheatingoil.com/list/?q=goods/ORIGINAL-TSCHECHISCHE-ARMEE-RUCKSACK-PARA-40L-OLIV-CZ/1063357,1,4,25%,7.25
https://niheatingoil.com/list/?q=goods/X-Halit-Kristall-Salz-Gemahlen-1000g/499136,1,4,25%,7.5
https://niheatingoil.com/list/?q=goods/kg-10-Kg-Premium-Karpfenfutter-Primo-Float-3-0-Mm-Karpfen/765318,1,4,25%,8.5
https://niheatingoil.com/list/?q=goods/Spray-Paint-11-Oz-Agri-Supply/1192649,1,4,25%,10.75
https://niheatingoil.com/list/?q=goods/Feuerwehrstiefel-Delta-Pro-Feuerwehr-Sicherheitsstiefel-S3/1070366,1,4,25%,11.75
https://niheatingoil.com/list/?q=goods/Gasket-Kit-Fits-Stihl-020T-020-T-MS-200-200T-17/949789,1,4,25%,12
https://niheatingoil.com/list/?q=goods/CUSTOM-HEAVY-GAUGE-BCR-CBR-PRINCE-ALBERT-RING-10MM-X-19MM-22MM/1044499,1,4,25%,12.25
https://niheatingoil.com/list/?q=goods/Rata-Honig-Aus-Neuseeland-500-G/1051871,1,4,25%,12.75
https://niheatingoil.com/list/?q=goods/ORIGINAL-BUNDESWEHR-LOWA-SKISCHUHE-CIVETTA-EXTREM-BW-SKI-STIEFEL/1042696,1,4,25%,15
https://niheatingoil.com/list/?q=goods/Mia-925-Sterling-Silber-Ohrringe-U2013-Schmetterling-Creolen-Mit/489873,1,3,33.33%,1
https://niheatingoil.com/list/?q=goods/Fu00fcr-Langsame-Fahrzeuge-Bis-40-Km-h-Anhu00e4nger-Traktor/1260839,1,3,33.33%,3
https://niheatingoil.com/products/7320747/,1,3,33.33%,3.67
https://niheatingoil.com/list/?q=goods/Pre-Unit-OEM-No-57-1270-Made-In-England/961116,1,3,33.33%,4
https://niheatingoil.com/list/?q=goods/EVO-Green-150m-Reniers-Fishing/1081362,1,3,33.33%,4.33
https://niheatingoil.com/list/?q=goods/Kinderbettwu00e4sche-100x135-40x60-100-Bauwolle/922302,1,3,33.33%,6.67
https://niheatingoil.com/list/?q=goods/Famaco-Einziehende-Lederfarbe-Artisanale/1113608,1,3,33.33%,7
https://niheatingoil.com/list/?q=goods/MAGNAT-Cubus-5-1-Surround-Frontlautsprecher-Neuware-Schwarz-EUR/829947,1,3,33.33%,10.33
https://niheatingoil.com/list/?q=goods/Seabehr-Neopren-Wathose-Ku00fcstenangler-5-Mm-Titanium-Neopren/581908,1,3,33.33%,10.67
https://niheatingoil.com/list/?q=goods/Schlaufe-6m-Gummiert-SWISSPET-Kaufen-Auf/1181491,1,3,33.33%,13.33
https://niheatingoil.com/list/?q=goods/LED-Trafo-12V-75W-Dimmbar-DALI-1-10V-Push-Taster-Pri/798155,1,3,33.33%,27.67
https://niheatingoil.com/products/22786447/,1,2,50%,1
https://niheatingoil.com/products/9270881/,1,2,50%,1
https://niheatingoil.com/products/3706369/,1,2,50%,3
https://niheatingoil.com/list/?q=goods/CW-CCW-Capstan-Motor-Tape-Deck-Recorder-Audio-Motor/1009225,1,2,50%,3.5
https://niheatingoil.com/list/?q=goods/TT4561-Tidy-Track-Roto-Wheel-Cleaner-HO/1162744,1,2,50%,4
https://niheatingoil.com/products/12672525/,1,2,50%,7
https://niheatingoil.com/list/?q=goods/24-X-300-Ml-KK-Sport-Ku00e4ltespray-Ku00fchlspray-Sportspray/556658,1,2,50%,7.5
https://niheatingoil.com/list/?q=goods/HARRY-POTTER-JIGSAW-Puzzle-Theory11-Hogwarts-Castle-1000-Teile/986217,1,2,50%,7.5
https://niheatingoil.com/list/?q=goods/Messing-Matt-2-5-Cm-Abstand-15-Cm/621127,1,2,50%,8.5
https://niheatingoil.com/list/?q=goods/Terrarium-Hobby-Terra-Fix-Easy-XL-3-110X55X55cm/1045710,1,2,50%,8.5
https://niheatingoil.com/list/?q=goods/For-Sony-PS-LX5-PS-T22-PS-T33-PS-X45-B/564069,1,2,50%,9
https://niheatingoil.com/list/?q=goods/G-Universallu00f6slich-Polykristallin-Einfach/1330322,1,2,50%,9
https://niheatingoil.com/list/?q=goods/Altes-Monopoly-Spiel-Kaufen-Auf/1122428,1,2,50%,9.5
https://niheatingoil.com/list/?q=goods/Breite-Streifen-Kaschiert-Meterware-Leder-Polsterstoff-Stoff/1153833,1,2,50%,9.5
https://niheatingoil.com/list/?q=goods/DIN-94-Verzinkt-U00bb-MMM-Ersatzteil-Nachbau/524460,1,2,50%,9.5
https://niheatingoil.com/list/?q=goods/Wafer-Rolls-Coconut-Cream-150g-Kasa-Beeston/740163,1,2,50%,9.5
https://niheatingoil.com/list/?q=goods/2v-2-Polig-Universal-Kfz-Wipp-Taster-Fu00fcr/1383334,1,2,50%,10
https://niheatingoil.com/list/?q=goods/Espresso-Brasil-Kaffeekapseln/690081,1,2,50%,10.5
https://niheatingoil.com/list/?q=goods/65-X-73-X-4-7-Mm-Abstreifer-Polyurethan-Stangendichtung/1336982,1,2,50%,14
https://niheatingoil.com/list/?q=goods/Passend-Fu00fcr-Miele-Complete-C1-Tango-Red-Edition-Ecoline/578910,1,2,50%,15
https://niheatingoil.com/list/?q=goods/Spring-Tailgate-Hub-Powerlift-For-Seat-Ateca-575827851A/488306,1,2,50%,15
https://niheatingoil.com/list/?q=goods/Fernbedienung-Philips-32PFS4132-12-32PFT4100-32PFT4100/1164267,1,2,50%,16
https://niheatingoil.com/list/?q=goods/Low-Noise-Blockconverter-Sun-Protect-Digital-Hitzebestu00e4ndig/1064521,1,2,50%,21.5
https://niheatingoil.com/list/?q=goods/Lakritz-Liku00f6r-Ab-U20ac-6-90-2025-Preisvergleich-Geizhals/770094,1,2,50%,27.5
https://niheatingoil.com/list/?q=goods/Zu-Komplexen-Stanzwerkzeugen-Und-Spritzgiessformen/982687,1,2,50%,43
https://niheatingoil.com/list/?q=goods/Shapewear-Daen-Body-Stark-Forend-Bodysuit-Woen-Vielseitige/758227,1,2,50%,57
https://niheatingoil.com/list/?q=goods/Bolci-Dubai-Style-Schokolade-Pistacchio-Cream-100g/528526,1,2,50%,83.5
https://niheatingoil.com/list/?q=goods/Butt-Grip-Ihr-Ausstatter-Fu00fcr/1264009,1,1,100%,2
https://niheatingoil.com/list/?q=goods/N-Gu00fcterwagenset-Vigier-Beton-15123-Kaufen-Auf/1227962,1,1,100%,2
https://niheatingoil.com/list/?q=goods/Wachs-Spray-Politur-Fu00fcr-Matte-Oberflu00e4chen-Lacke-Folien/682495,1,1,100%,2
https://niheatingoil.com/products/24690570/,1,1,100%,2
https://niheatingoil.com/list/?q=goods/Smson-S51-S50-S53-SR50-KR51/1241539,1,1,100%,3
https://niheatingoil.com/products/11047725/,1,1,100%,4
https://niheatingoil.com/list/?q=goods/Rot-Lackiert-Code-U70-A-Klasse-W176/1075256,1,1,100%,5
https://niheatingoil.com/products/13646303/,1,1,100%,5
https://niheatingoil.com/list/?q=goods/6-Stu00fcck-Titanschrauben-Torxkopf-Und-Flansch-M10-X-35-Mm/537318,1,1,100%,6
https://niheatingoil.com/products/6124425/,1,1,100%,6
https://niheatingoil.com/list/?q=goods/Booster-Washed-Out-Hengelsport-Het-Gooi/1197828,1,1,100%,7
https://niheatingoil.com/list/?q=goods/DKW-RT-125-W-Kolbenbolzen-Bolzen-Kolben/1053101,1,1,100%,7
https://niheatingoil.com/products/4105914/,1,1,100%,7
https://niheatingoil.com/list/?q=goods/12-X-12-Mm-Auu00dfen-160-Mm-Stahl-S235JR-Roh/1045438,1,1,100%,8
https://niheatingoil.com/list/?q=goods/Zirkel-Rotring-Mattvernickelt-Schnellverstellzirkel-Zirkel/811458,1,1,100%,8
https://niheatingoil.com/list/?q=goods/Ballabeni-Split-Lead-Shot-Dispenser-And-Individually-Sized-Tubs/636833,1,1,100%,9
https://niheatingoil.com/list/?q=goods/M1A-FAL-308-Etc-Doppelte-Magazintasche-Schwarz-NcS-USA/498128,1,1,100%,9
https://niheatingoil.com/list/?q=goods/Autoaufkleber-Auto-Aufkleber-Winter-Tuningsticker/566095,1,1,100%,10
https://niheatingoil.com/list/?q=goods/II-Servo-Mount-Circus-RC-News/1161404,1,1,100%,10
https://niheatingoil.com/list/?q=goods/Tasse-Penguin-Lifestyle-Kaffeebecher/731005,1,1,100%,10
https://niheatingoil.com/list/?q=goods/2K-Ohm-202-3006P-Trimpot-Potentiometer/945786,1,1,100%,11
https://niheatingoil.com/list/?q=goods/Gewindeplatte-15x10x4-Mm-M4-Gewinde-Mittig-Stahl-Blau/1220265,1,1,100%,11
https://niheatingoil.com/list/?q=goods/LAMY-M-16-M-Schwarz-Kugelschreiber-Mine/861934,1,1,100%,11
https://niheatingoil.com/list/?q=goods/Tabak-Kolzov-Platten-In-Deutschland-Und-U00d6sterreich-Kaufen/896303,1,1,100%,11
https://niheatingoil.com/list/?q=goods/Veltic-No-3-C-Kupfer-5g-Gr-6-1Stu00fcck/515729,1,1,100%,12
https://niheatingoil.com/list/?q=goods/3-4-quot-AG-Verchromt-Online-Kaufen/1329025,1,1,100%,13
https://niheatingoil.com/list/?q=goods/Drum-Bass-Jungle-Records-Online-Shop/896003,1,1,100%,13
https://niheatingoil.com/list/?q=goods/Halskette-Goldkette-Trendge-Kette-Etsy/1060675,1,1,100%,14
https://niheatingoil.com/list/?q=goods/Reifenschlauch-4-00-19-Bu00fcchler-GmbH/994648,1,1,100%,15
https://niheatingoil.com/list/?q=goods/FERO-BULB-Stahl-Stahl-Flachkopf/945086,1,1,100%,19
https://niheatingoil.com/list/?q=goods/I-DC-12V-Coil-DPDT-8-Pin-With-Plug/1093126,1,1,100%,20
https://niheatingoil.com/products/12027047/,1,1,100%,22
https://niheatingoil.com/list/?q=goods/MERCEDES-E-KLASSE-W210-E200-E220-CDi-Stufenheck-Auspuffanlage/1221121,1,1,100%,24
https://niheatingoil.com/products/2224825/,1,1,100%,26
https://niheatingoil.com/list/?q=goods/180-X-80-Cm-Steilfacette/574210,1,1,100%,29
https://niheatingoil.com/list/?q=goods/Bait-River-Shad-White-Glitter-Green/857827,1,1,100%,47
https://niheatingoil.com/pages/html-sitemap,0,415,0%,46.25
https://niheatingoil.com/blog,0,217,0%,44.28
https://niheatingoil.com/suppliers,0,201,0%,39.94
https://niheatingoil.com/list/?q=goods/Haas-Bio-Back-Oblaten-BILLA-Online/584342,0,169,0%,9.72
https://niheatingoil.com/list/?q=goods/Wasserdicht-Von-ROSSMANN-Fu00fcr-2/501850,0,143,0%,9.69
https://niheatingoil.com/auth,0,136,0%,53.47
https://niheatingoil.com/compare?postcode=%7Bsearch_term_string%7D,0,125,0%,56.74
https://niheatingoil.com/list/?q=goods/Gold-Extra-Virgin-Olive-Oil-5l/1274756,0,88,0%,9.3
https://niheatingoil.com/list/?q=goods/Samsonite-Ersatzteile-ZU-VERKAUFEN-DE/1269228,0,78,0%,20.04
https://niheatingoil.com/list/?q=goods/Silber-Matt-400-Ml-Kaufen-Bei-OBI/984836,0,73,0%,7.3
https://www.niheatingoil.com/,0,68,0%,74.56
https://niheatingoil.com/list/?q=goods/Nabendeckel-Radnabendeckel-4x-B66470202-Titansilber-Neu/1319419,0,57,0%,9.02
https://niheatingoil.com/blog/best-time-buy-heating-oil-northern-ireland,0,53,0%,7.92
https://niheatingoil.com/products/20519881/,0,49,0%,2.88
http://niheatingoil.com/,0,44,0%,25.27
https://niheatingoil.com/list/?q=goods/110mm-Natur-Lu00e4nge-Wu00e4hlbar-PA-Rundmaterial-Weiss/1368194,0,43,0%,60.53
https://niheatingoil.com/list/?q=goods/Cafissimo-Elegant-30-Kapslu00ed-Vu0161e-Vu00fdhodnu011b/1229995,0,39,0%,29.62
https://niheatingoil.com/list/?q=goods/Akku-Reparatur-TranzX-BL03-24V-10Ah-JD-PST-11-6Ah-EXPRESS/657619,0,38,0%,21.79
https://niheatingoil.com/products/6865936/,0,35,0%,30.74
https://niheatingoil.com/list/?q=goods/Ideal-Fu00fcr-Lager-Und-Werkstatt-Kaufen-Auf/966761,0,34,0%,37.47
https://niheatingoil.com/list/?q=goods/Urinstein-Und-Kalklu00f6ser-Kaufen-Bei/493102,0,27,0%,17.52
https://niheatingoil.com/list/?q=goods/Weizenkleber-Reines-Weizengluten-Mehlverbesserer-Premium-Aus/808018,0,26,0%,16.46
https://niheatingoil.com/list/?q=goods/Rotheigner-Alu-Flexrohr-NW-125-L-2500-Mm/819110,0,25,0%,6.56
https://niheatingoil.com/list/?q=goods/Kfz-Transporter-Regalsystem-Kfz-Einbauregal-3-Schubladen-Rot/559062,0,25,0%,22.76
https://niheatingoil.com/list/?q=goods/Ritterburg-Ersatzteile-Konvolut-3666-3667-Raritu00e4t/1148011,0,25,0%,37.6
https://niheatingoil.com/list/?q=goods/Regendecke-Disc-Mit-Abnehmbarem-Halsteil-0g/942261,0,24,0%,12.54
https://niheatingoil.com/list/?q=goods/3-6W-JT-DC31V3-6W-E3-IP44-31V-DC/516539,0,23,0%,9.65
https://niheatingoil.com/list/?q=goods/Shimano-Sm-bb51-Deore-Hollowtech-II-Innenlager-68-73-mm-BSA/1140500,0,23,0%,11.17
https://niheatingoil.com/list/?q=goods/Aeg-Smart-485-Beutel-Online-Kaufen/790324,0,23,0%,23.91
https://niheatingoil.com/list/?q=goods/Adapter-Zum-Anschluss-An-Danfoss-RA-Ventile-7/679346,0,23,0%,63
https://niheatingoil.com/list/?q=goods/Steine-Aus-Kunststoff-Gitter-Online-Kaufen/665741,0,23,0%,64.22
https://niheatingoil.com/list/?q=goods/Tabak-Ohne-Zusatzstoffe-30g-Online-Kaufen/1340590,0,22,0%,7.91
https://niheatingoil.com/list/?q=goods/Bett-Lattenrost-Endkappen-Halter-Bettkappen-Gummi-Reparatur/1033986,0,20,0%,29.9
https://niheatingoil.com/list/?q=goods/u00d6l-Holzschutzmittel-5l-Price-Comparison-UK/1223126,0,20,0%,35.2
https://niheatingoil.com/products/5564947/,0,19,0%,1
https://niheatingoil.com/list/?q=goods/75-Watt-240-Volt-24-Grad-Spot/578851,0,19,0%,10.16
https://niheatingoil.com/list/?q=goods/Nabenkappe-Center-Cap-Z06-60mm-Schwarz-Glanz/852000,0,19,0%,11.21
https://niheatingoil.com/list/?q=goods/Eukalyptus-Birke-4-Mm-Kaufen-Globus-Baumarkt/1194811,0,19,0%,17.53
https://niheatingoil.com/list/?q=goods/Zucker-6x700ml-Ab-25-67-U20ac-Preisvergleich-Bei/819437,0,19,0%,19.16
https://niheatingoil.com/list/?q=goods/Magnesium-High-Dose-Vit4ever-Magnesium-Pure-600-G-Powder/521254,0,18,0%,10.17
https://niheatingoil.com/list/?q=goods/Peanuts-Freunde-Grou00df-Und-Klein/980873,0,18,0%,10.89
https://niheatingoil.com/list/?q=goods/Von-ALDI-Nord-Ansehen/821749,0,18,0%,12.61
https://niheatingoil.com/list/?q=goods/Verbinder-Verbindungsmuffe-Wellrohr-Leerrohr-Muffe/1300663,0,18,0%,13.11
https://niheatingoil.com/giving-back,0,18,0%,29.72
https://niheatingoil.com/list/?q=goods/Classic-Stockingfoot-Atmungsaktive-Wathose-S-Gr-S/1081356,0,17,0%,5.47
https://niheatingoil.com/list/?q=goods/Znkfarbe-Dckschcht-Znk-Paste-LZ-09-100-Ml-250-Ml-500-Ml/848942,0,17,0%,8.94
https://niheatingoil.com/list/?q=goods/NEFF-Geschirrkorb-Unten-20000273-Unterkorb/911503,0,17,0%,10.88
https://niheatingoil.com/list/?q=goods/Telekom-Streaming-Box-MagentaTV-Box-Multimediaplayer-Weiu00df/486907,0,17,0%,31.71
https://niheatingoil.com/list/?q=goods/Pro-200-M276nw-Toner-Bestellen-Bis-Zu-84-Sparen/845473,0,17,0%,44.18
https://niheatingoil.com/products/20218469/,0,16,0%,1.75
https://niheatingoil.com/list/?q=goods/Psoriasis-Creme-Bee-Venom-Creme-Bee-Venom-Psoriasis/742611,0,16,0%,8.31
https://niheatingoil.com/list/?q=goods/Sportbandagen-Online-Bestellen/690347,0,16,0%,8.31
https://niheatingoil.com/list/?q=goods/BESNIN-Fahrrad-Vorbau-25-4-Lenker-0-60-Grad-Verstellbar-TB-Vorbau/582474,0,16,0%,14.56
https://niheatingoil.com/list/?q=goods/Zitruspresse-Manuell-Top-10-Test/483301,0,16,0%,18.94
https://niheatingoil.com/list/?q=goods/Natur-Katzenbaum-Katzen-Treppe/1113904,0,16,0%,20.06
https://niheatingoil.com/list/?q=goods/U2013-Die-15-Besten-Produkte-I-Vergleich/507061,0,16,0%,45.25
https://niheatingoil.com/list/?q=goods/100-M-Autokabel-0-5-Mmu00b2-FLRy-Fahrzeugleitung-40/1065761,0,16,0%,47.12
https://niheatingoil.com/list/?q=goods/Unterdecke-Dry-Liner-50-G-FUNDIS-Reitsport/1230624,0,15,0%,5.07
https://niheatingoil.com/list/?q=goods/ZL-401-B-401B-501b/794127,0,15,0%,7.8
https://niheatingoil.com/list/?q=goods/Van-Heugten-Seit/1286691,0,15,0%,11.33
https://niheatingoil.com/list/?q=goods/MODELL-Manikin-Kopf-Wandmontage-Hu00e4ngende-Peru00fccke/994778,0,15,0%,13.8
https://niheatingoil.com/list/?q=goods/Energy-Akkus-AA-Oder-AAA-Angebot-Bei-ALDI-Su00dcD/898867,0,15,0%,27.67
https://niheatingoil.com/list/?q=goods/Petu00ae-Kauringe-Mit-Entenbruststreifen/563365,0,15,0%,28.93
https://niheatingoil.com/list/?q=goods/Wiederverwendbare-Kaffeekapsel-Fu00fcr-Bosch-Tassimo/659042,0,15,0%,36.07
https://niheatingoil.com/list/?q=goods/Milpro-Hund-Entwurmungstabletten/989293,0,15,0%,43.47
https://niheatingoil.com/list/?q=goods/3V-16500-RPM-0-5A-130-Typ-1-Kompatibel-Mit-Arduino-Raspberry-Pi/1232793,0,14,0%,2.21
https://niheatingoil.com/list/?q=goods/Li-8171-5-Star-Series-Lithium-Ion-Cord-Cordless-Ultra-Close/471295,0,14,0%,8.29
https://niheatingoil.com/products/9656447/,0,14,0%,9.29
https://niheatingoil.com/list/?q=goods/ELCH-RENTIER-PLu00dcSCHTIER-STOFFTIER-Kuscheltier-24cm-Boltze/495391,0,14,0%,9.71
https://niheatingoil.com/list/?q=goods/Carbon-Brushes-For-Erbauer-Tools/1335140,0,14,0%,11.07
https://niheatingoil.com/list/?q=goods/Borussia-Dortmund-Freundebuch-Offizielles-Fanalbum-Freundebuch/609156,0,14,0%,11.14
https://niheatingoil.com/list/?q=goods/Stu00fcck-Silikon-Nasenpads-Selbstklebend-Brillenpads/540746,0,14,0%,16.21
https://niheatingoil.com/list/?q=goods/Crema-Entkoffeiniert-Mild-Feines-Aroma-120-Kaffeekapseln-Tchibo/780978,0,14,0%,32.43
https://niheatingoil.com/list/?q=goods/S2-RS2-RS4-B5-16V-VR6-TURBO-OIL-CATCH-TANK-U00d6LABSCHEIDER/1187367,0,13,0%,7.15
https://niheatingoil.com/list/?q=goods/Entsteint-Und-Ohne-Stiel-Luciano-212ml-Aus-Italien-Fruechte/1017926,0,13,0%,8.54
https://niheatingoil.com/products/3303514/,0,13,0%,8.54
https://niheatingoil.com/list/?q=goods/2-50kg-Ganzer-Mais-Hartmais-Futtermais/1009757,0,13,0%,8.62
https://niheatingoil.com/list/?q=goods/RBL-Autoaufkleber-Sticker-Klein-Auto-Aufkleber-Kfz-Rund-Weiss/527771,0,13,0%,12.77
https://niheatingoil.com/list/?q=goods/IV-Cabrio-Verdeck-Heckscheibe-Lu00f6st-Sich-Verklebung-1-Tag/789644,0,13,0%,19
https://niheatingoil.com/list/?q=goods/Plotterfolie-547-Gold-Metall-M-123cm/484140,0,13,0%,23.85
https://niheatingoil.com/list/?q=goods/40-LP-Montagetechnik-GmbH/825097,0,13,0%,28.62
https://niheatingoil.com/list/?q=goods/Ratschenzug-Hebelzug-Blackcat/870055,0,13,0%,74.08
https://niheatingoil.com/products/10027114/,0,12,0%,1.5
https://niheatingoil.com/list/?q=goods/Knotenblech-F-Springrollo-Mittelzugrollo/963319,0,12,0%,6.58
https://niheatingoil.com/list/?q=goods/BMW-5W30-BMW-SAE-5W-30-TWINPOWER-TURBO-LL-04-4L-PACK-OIL/473098,0,12,0%,8
https://niheatingoil.com/products/7424036/,0,12,0%,10.17
https://niheatingoil.com/list/?q=goods/W906-VW-Crafter-Sicherheitsgurt-Gurt-Vorne-In/1219241,0,12,0%,11
https://niheatingoil.com/list/?q=goods/Aluminium-Lochblech-Langloch-LV-5x20-2-0mm-Dick/941252,0,12,0%,13.83
https://niheatingoil.com/list/?q=goods/Watt-Reiner-Sinus-BLAU-Inverter/946811,0,12,0%,13.83
https://niheatingoil.com/list/?q=goods/Agiix-Bosch-Brita-Filterwechselanzeige-It-Batterie/851722,0,12,0%,16.75
https://niheatingoil.com/list/?q=goods/Insta-Life-Kniebandage-1-tlg-Fu00fcr-Damen-Herren/641507,0,12,0%,17.5
https://niheatingoil.com/list/?q=goods/HF-Wofu00fcr-Steht-Das-Auto-Kennzeichen-HF-Autokennzeichen/1381854,0,12,0%,19.08
https://niheatingoil.com/list/?q=goods/Rechteckrohr-Stahl-Online-Kaufen/1266870,0,12,0%,30.58
https://niheatingoil.com/list/?q=goods/Hundemantel-70-Cm-Maryanne-Jones-Demu00fctigen-Gebogen/684236,0,12,0%,32.5
https://niheatingoil.com/list/?q=goods/Dunlop-Purofort-Thermo-Plus-S5-Arbeits-Stiefel/1294632,0,12,0%,41.5
https://niheatingoil.com/products/6418525/,0,11,0%,5.55
https://niheatingoil.com/products/13358169/,0,11,0%,6.55
https://niheatingoil.com/list/?q=goods/PN-10-ECO-Line-Mit-NPT-Gewinde-Reduzierungen/1054601,0,11,0%,7.73
https://niheatingoil.com/list/?q=goods/SS-Shop-Kompriband-12-5-M-Lang-15-2-Anthrazit-Expandiert-Von/598207,0,11,0%,8.36
https://niheatingoil.com/list/?q=goods/Dachhaken-Fu00fcr-Schiefer-Gerade-Anthrazit/935534,0,11,0%,8.64
https://niheatingoil.com/list/?q=goods/Tankverschluss-Tankdeckel-Halteband-Fu00fcr-Golf-TOUAREG-LUPO-A1/475164,0,11,0%,8.64
https://niheatingoil.com/list/?q=goods/U00d6lpeilstab-U00d6lmessstab-Fu00fcr-Mercedes-Benz-Jeep-Dodge/1056577,0,11,0%,8.64
https://niheatingoil.com/list/?q=goods/99-E508-Food-Grade-Kg-Produktgru00f6u00dfe-Kg-25-Kg/587591,0,11,0%,11.45
https://niheatingoil.com/list/?q=goods/Pufferpatronen-Aluminium-Store/463002,0,11,0%,11.73
https://niheatingoil.com/list/?q=goods/Personalisierbares-Geschenkpapier-Mit-Gesicht/1212198,0,11,0%,12.45
https://niheatingoil.com/list/?q=goods/Mercedes-Nabendeckel-Felgendeckel-Nabenkappen-60-MM/583818,0,11,0%,12.64
https://niheatingoil.com/list/?q=goods/LEDKLK40-Kerzenlichterkette-Fu00fcr-Auu00dfen-Innen-40-Ab-44/1366150,0,11,0%,14.36
https://niheatingoil.com/list/?q=goods/Fahrrad-Pumpe-VX-510-Mm-560-Mm-Kaufen-Bei-OBI/541052,0,11,0%,19.55
https://niheatingoil.com/list/?q=goods/100-Cm-Origem-Selbstaufblasende-Isomatte-Mit-Elektropumpe-U2013/633191,0,11,0%,24.73
https://niheatingoil.com/list/?q=goods/Filzstoff-Dekorationsfilz-Weicher-Filz-Breite-150cm-Dicke/622184,0,11,0%,24.91
https://niheatingoil.com/list/?q=goods/Lotus-Relief-Matt-Eingeschliffen/816315,0,11,0%,27.45
https://niheatingoil.com/list/?q=goods/So-Kannst-Du-Eine-Palettenschein-Vorlage-Anlegen/612820,0,11,0%,28.09
https://niheatingoil.com/list/?q=goods/Nostalgie-In-Baden-Wu00fcrttemberg-Hemsbach-Playmobil/582756,0,11,0%,30.73
https://niheatingoil.com/list/?q=goods/Strauss-Arbeitshose-Bundhose-E-s-classic-Weiu00df-Inkl/944311,0,11,0%,36
https://niheatingoil.com/products/13602769/,0,11,0%,36.55
https://niheatingoil.com/list/?q=goods/Aktivator-Spray-150-Ml-Sekundenkleber-Aktivator/678313,0,11,0%,44.82
https://niheatingoil.com/list/?q=goods/Bequem-Schlauch-Abckung-Hohe-Temperatur-Schutz-E-Viceal/573402,0,11,0%,45.36
https://niheatingoil.com/list/?q=goods/Way-Y-Verteiler-Koax-Buchse-TV-Signal-Netzteil/922553,0,11,0%,49.27
https://niheatingoil.com/list/?q=goods/Fu00fcr-quot-Damen-quot-Einlegesohlen/509624,0,11,0%,54.55
https://niheatingoil.com/list/?q=goods/UMF-10-U2013-250-G-Aus-Neuseeland/769636,0,11,0%,71.18
https://niheatingoil.com/list/?q=goods/5mm-Schwarz-Locher/526029,0,10,0%,5
https://niheatingoil.com/products/6166781/,0,10,0%,5
https://niheatingoil.com/list/?q=goods/Staubsauger-Motor-07890580-Online-Kaufen/1075609,0,10,0%,5.9
https://niheatingoil.com/list/?q=goods/Ab-536-75-U20ac-Juli-2025-Preise/1235409,0,10,0%,6
https://niheatingoil.com/list/?q=goods/Equsana-Iceland-Vit-Refill-12-Kg/459941,0,10,0%,6.5
https://niheatingoil.com/list/?q=goods/GEOplast-Sickerschacht-Geoplast/1022004,0,10,0%,6.7
https://niheatingoil.com/list/?q=goods/2-Decks-Elektrische-Mischmaschine-Als/1314944,0,10,0%,10.7
https://niheatingoil.com/list/?q=goods/Biotiva-Sencha-Gru00fcntee-Bio-1000g-Top-Sencha-1kg/669394,0,10,0%,12.1
https://niheatingoil.com/list/?q=goods/A4-Design-Fru00f6hliche-Weihnachten-Zauberhafte-Karte-Mit/699166,0,10,0%,12.6
https://niheatingoil.com/list/?q=goods/KINETIC-SPORTS-Laufband-Elektrisch-LCD-Display-Puls-Heimtrainer/1315444,0,10,0%,14.1
https://niheatingoil.com/list/?q=goods/Olive-Oil-quot-Oleum-Crete-quot-Crete-5L-TIN/529294,0,10,0%,14.4
https://niheatingoil.com/list/?q=goods/White-HX6068-87-Ab-39/1353511,0,10,0%,14.5
https://niheatingoil.com/list/?q=goods/Klemmprofil-Spalt-2-0mm-L-2000-Mm-Edelstahl-1/1254567,0,10,0%,15.2
https://niheatingoil.com/list/?q=goods/GLAUBERSALZ-Natriumsulfat-Pulver-100-G/513115,0,10,0%,16.7
https://niheatingoil.com/list/?q=goods/SCHWARZ-FLUORGUMMI-Platte-Gummimatte-FKM-Dichtung-Matte/607699,0,10,0%,20.7
https://niheatingoil.com/list/?q=goods/FISCHER-50463-Kettenschloss-Fahrradschloss-100-Cm-Schwarz/897236,0,10,0%,24.3
https://niheatingoil.com/list/?q=goods/Aufbewahrungsbox-Garten-Kissenbox-Wasserdicht/995269,0,10,0%,24.8
https://niheatingoil.com/list/?q=goods/Magnetisches-Whiteboard-120x90cm-Mit-Alurahmen-Und-Abnehmbare/564001,0,10,0%,37.1
https://niheatingoil.com/list/?q=goods/2x-MEYLE-HD-QUERLENKER-STREBE-VORNE-UNTEN-AUDI-A6-4F-QUATTRO/712993,0,10,0%,40.1
https://niheatingoil.com/list/?q=goods/Audio-Kabel-Cinch-Stecker-1-5m-Koaxial-Digital-SPDIF-RCA-KOAX/1348996,0,10,0%,41.7
https://niheatingoil.com/list/?q=goods/Het-Bijvullen-Van-Braun-Clean-Renew-Synchro/919915,0,10,0%,43.6
https://niheatingoil.com/list/?q=goods/RADIO-ADAPTER-ANSCHLUSSKABEL-KABEL-ISO-STECKER/644752,0,10,0%,51.4
https://niheatingoil.com/list/?q=goods/Scheibe-20mm-Rund-Flach-Magnetscheiben-Pinnwand-Stark/1205767,0,10,0%,63.4
https://niheatingoil.com/list/?q=goods/Weihnachtszug-Set-Elektrischer-Zug-Set-Mit-Lokomotive/879591,0,10,0%,64.7
https://niheatingoil.com/list/?q=goods/Der-Schweiz-Der-Schweiz-Schwarz-Schwarz-Und-Weiu00df-Wappen/481882,0,10,0%,78.9
https://niheatingoil.com/list/?q=goods/Axiallu00fcfter-Axial-Ventilator-Industrie-Metall-Wandlu00fcfter/735967,0,10,0%,88.6
https://niheatingoil.com/products/15698114/,0,9,0%,2.67
https://niheatingoil.com/list/?q=goods/Candy-Geschirrspu00fcler-Dekor-Ku00fcche-Tu00fcr-Befestigung/793378,0,9,0%,5.67
https://niheatingoil.com/list/?q=goods/Reisepasshalter-Und-Reisebrieftasche/1216971,0,9,0%,5.78
https://niheatingoil.com/list/?q=goods/Heiniger-Shearing-Knife-Set-21-23-FUNDIS-Equestrian/1149639,0,9,0%,5.89
https://niheatingoil.com/list/?q=goods/SP7-SPB100-Dichtung-Dichtring-Wassertank-Deckel-Verschluu00df/855176,0,9,0%,6
https://niheatingoil.com/list/?q=goods/Let-039-s-Hear-It-For-The-Boys-CD-Box-Set-3-Discs-2021-Pre/813651,0,9,0%,6.22
https://niheatingoil.com/list/?q=goods/X-50-Meter-Polsterstoffe-Mu00f6belstoffe-Ihr-Fachhandel/630171,0,9,0%,6.67
https://niheatingoil.com/list/?q=goods/Opel-C20XE-C20LET-Z20LET-91-00mm-Light-Weight/905676,0,9,0%,6.78
https://niheatingoil.com/list/?q=goods/Kavanagh-The-Greatest-Hits/1252790,0,9,0%,6.89
https://niheatingoil.com/list/?q=goods/PACKIVO-Profi-Kabelbinder-4-8-X-200mm-Weiss-Weiu00df-Schwarz/1365306,0,9,0%,7.67
https://niheatingoil.com/list/?q=goods/Seat-Ibiza-039-03-1-4-16V-55kW/1053286,0,9,0%,7.78
https://niheatingoil.com/products/7852069/,0,9,0%,8.44
https://niheatingoil.com/list/?q=goods/Heckscheiben-Stopfen-Verschluss/746650,0,9,0%,8.89
https://niheatingoil.com/list/?q=goods/Peugeot-Schrauben-Bremssattel-M12x150-308-3008-5008-C4/1178783,0,9,0%,9
https://niheatingoil.com/list/?q=goods/Zubehu00f6r-Renegade-Station/857395,0,9,0%,9.22
https://niheatingoil.com/list/?q=goods/Cap-Fullcap-S-M-54-57-Weiu00df/963396,0,9,0%,9.89
https://niheatingoil.com/list/?q=goods/Filter-Aktivkohlefilter-AC-Fu00fcr-QUOOKER-CUBE-Wassersprudler/580484,0,9,0%,9.89
https://niheatingoil.com/list/?q=goods/WiBUplus-Waschhandschuhe-WiBU/1042790,0,9,0%,9.89
https://niheatingoil.com/list/?q=goods/Bananenkupplung-Rot-Bananen-Stecker-Buchsen-MediaMarkt/814374,0,9,0%,10
https://niheatingoil.com/products/9111170/,0,9,0%,10.11
https://niheatingoil.com/list/?q=goods/Minions-Snack-Rumpelstilzchen-TupperCare-150-Ml-Gelb/828766,0,9,0%,10.56
https://niheatingoil.com/list/?q=goods/Angeln-Auf-Hecht-Und-Zander-Mt-Ku00f6derfsch-Tel-2-YouTube/918611,0,9,0%,11.67
https://niheatingoil.com/list/?q=goods/64640530-Flansch-Wellenbock-GWFL-Fu00fcr-Wellendurchmesser-30mm/734341,0,9,0%,11.78
https://niheatingoil.com/list/?q=goods/Staubsaugerbeutel-Kompatibel-Mit-Siemens-VSZ4gm338-Z4-0-PureAir/490418,0,9,0%,11.78
https://niheatingoil.com/list/?q=goods/Vw-Touran-1T1-1T2-1T3-1T0827505H/779624,0,9,0%,14
https://niheatingoil.com/list/?q=goods/Rahmen-120x90cm-Korktafel-Korkwand-Pinnwand-Kork/886375,0,9,0%,14.67
https://niheatingoil.com/list/?q=goods/Spanische-Nougat-Spezialitu00e4t-Online-Kaufen/1019552,0,9,0%,14.67
https://niheatingoil.com/list/?q=goods/Mk1-2-0-TDCi-4x4-136-PS-Diesel/781914,0,9,0%,15.33
https://niheatingoil.com/list/?q=goods/Weithalsfass-Futtertonne-Fasssilage-Regen-Fass/501929,0,9,0%,17.22
https://niheatingoil.com/list/?q=goods/Backofen-Schutzfolie-Dauer-Backfolie-Backmatte/1383644,0,9,0%,17.33
https://niheatingoil.com/list/?q=goods/Set-5-Stu00fcck-U2013-560mm-Ausziehbar-Mit-Hemdclip-Teleskop/681467,0,9,0%,20.78
https://niheatingoil.com/list/?q=goods/Plus-Kugellager-0-8mm-Tabak-Schneidemaschine-Tabakblaetter/891652,0,9,0%,20.89
https://niheatingoil.com/list/?q=goods/30-KG-TROCKENEIS-NUGGETS-66L/1197500,0,9,0%,25.44
https://niheatingoil.com/list/?q=goods/Bowtie-Hochzeit-Weste-Fliege-Einstecktuch-Set-Blau-Kariert/527573,0,9,0%,27
https://niheatingoil.com/list/?q=goods/Schwangerschaft-Glitzer/1012544,0,9,0%,27.67
https://niheatingoil.com/list/?q=goods/ASINOL-DEUTZ-GRu00dcN-NEU-1000-Ml-Kunstharzlack-Farbe-Lack-1l/938600,0,9,0%,35
https://niheatingoil.com/list/?q=goods/Nach-Mau00df-Bei-Kaufen/1126023,0,9,0%,37.89
https://niheatingoil.com/list/?q=goods/8mm-Stahl-Verz-Offen-Gewindehu00fclse-Einpressbuchse-EUR-6-43/756902,0,9,0%,39.56
https://niheatingoil.com/list/?q=goods/Wireless-Bluetooth-Speaker-Black/1132339,0,9,0%,39.56
https://niheatingoil.com/list/?q=goods/Kobold-VK131-VK135-VK130-135/730709,0,9,0%,45.33
https://niheatingoil.com/list/?q=goods/Signalhupe-Fu00fcr-Boot-Yacht-Nebelhorn-Fanfare/1158535,0,9,0%,50.11
https://niheatingoil.com/list/?q=goods/Dichtprofil-PVC-EPDM-Mit-Dichtlippe-Seitlich-Klemmbereich/971961,0,9,0%,54.33
https://niheatingoil.com/list/?q=goods/Klein-Mini-Spatel-Silikon-3-Teiliges-Klein/675313,0,9,0%,60.33
https://niheatingoil.com/list/?q=goods/Einsatz-Bei-Bienenzucht-Bienentru00e4nke-EM-X-Keramik-Pipes-EM/554831,0,9,0%,71.67
https://niheatingoil.com/list/?q=goods/Bestellen-Transparente-Verschlussetiketten/828103,0,8,0%,2
https://niheatingoil.com/25044279563.htm,0,8,0%,2.25
https://niheatingoil.com/list/?q=goods/Wikinger-Kostenloses-Foto-Auf/478452,0,8,0%,3.5
https://niheatingoil.com/products/14595369/,0,8,0%,3.62
https://niheatingoil.com/list/?q=goods/Aus-375-Gold-Rosu00e9gold-Singapurkette-2/1123758,0,8,0%,3.88
https://niheatingoil.com/list/?q=goods/Shoe-Glue-Strong-Flexible-Fabric-Glue-Resistant/1115309,0,8,0%,4.62
https://niheatingoil.com/list/?q=goods/Hu00fcftbehang-Magnesiumcarbonat-Austria/1326505,0,8,0%,6
https://niheatingoil.com/list/?q=goods/Decke-Feuerlu00f6schdecke-Schweiu00dfdecke-Feuerfest/464438,0,8,0%,6.12
https://niheatingoil.com/list/?q=goods/0-4-3-2mm-Dremel-Proxxon-Bosch-Multitool/530860,0,8,0%,6.75
https://niheatingoil.com/list/?q=goods/DIAMANT-Bienenteig-Mit-Pru00e4biotikum-15x-1kg-EUR/642630,0,8,0%,7.38
https://niheatingoil.com/list/?q=goods/Collection-Lingerie-Cottelli-Collection-Crotchless-Panties/563751,0,8,0%,7.5
https://niheatingoil.com/list/?q=goods/El-Musc-Musk-Tahara-Vanilla-6ml-Parfu00fcmu00f6l-Weiu00dfer/913879,0,8,0%,7.5
https://niheatingoil.com/list/?q=goods/Stimmungsvollem-LICHTEFFEKT-Fu00fcr-Familie-Freunde-Und-Kunden/937769,0,8,0%,7.5
https://niheatingoil.com/products/7209781/,0,8,0%,8.38
https://niheatingoil.com/list/?q=goods/M-X-48-Mm-Kaufen-Globus-Baumarkt/593213,0,8,0%,8.75
https://niheatingoil.com/list/?q=goods/Maulschlu00fcssel-Set-Werkzeug-Ringschlu00fcssel-Deluxe/1125858,0,8,0%,8.75
https://niheatingoil.com/list/?q=goods/LED-Leuchtstern-Mit-Erdspieu00df-Weiu00df-Ab-17-99-U20ac/1352458,0,8,0%,8.88
https://niheatingoil.com/list/?q=goods/DUBAI-Cream-32x62-5-Cm/945425,0,8,0%,9.5
https://niheatingoil.com/list/?q=goods/12-8V-Fu00fcr-Wohnmobil-Camping-Solaranlagen-E-U2013-NautikMeehr/828036,0,8,0%,10.12
https://niheatingoil.com/list/?q=goods/Und-Wohnmobil-Aufkleber-Radaufkleber-Epoxy/1345213,0,8,0%,10.25
https://niheatingoil.com/list/?q=goods/KX41-3-Lehnhoff-MS01-SW01-Schnellwechsler-Minibagger-NEU-In/463357,0,8,0%,10.38
https://niheatingoil.com/list/?q=goods/Grip-Tape-Raid-Tape-Gun-Tape-Hockey-Tape-Sport/1072438,0,8,0%,10.5
https://niheatingoil.com/list/?q=goods/Eisschirmchen-Papier-Regenschirme-Deko-Papierschirmchen-Fu00fcr/470053,0,8,0%,10.62
https://niheatingoil.com/list/?q=goods/Krustenbraten-Mit-Malzbiersauce-Rezept-Von/877208,0,8,0%,10.88
https://niheatingoil.com/list/?q=goods/140013343011-EGO-50-88071-000-Fu00fcr-Kochfeld/1323148,0,8,0%,11.25
https://niheatingoil.com/list/?q=goods/Passschrauben-Innensechskant-Toleranz-E9-10-9-A2-50/768109,0,8,0%,11.25
https://niheatingoil.com/list/?q=goods/Johanniskraut-Tabletten-650-Mg-Phoenix-Der-Lebenskraft/475172,0,8,0%,11.38
https://niheatingoil.com/list/?q=goods/Rotwild-Im-Shop-Kaufen-300-G/1365440,0,8,0%,11.75
https://niheatingoil.com/list/?q=goods/Magen-Gel-Stick-Pack-50x10-Ml-Preisvergleich/785536,0,8,0%,11.88
https://niheatingoil.com/list/?q=goods/KINGS-52709-Sicherheitsschuh-Sicherheitsschuhe-Arbeitsschuhe/1126861,0,8,0%,12.62
https://niheatingoil.com/list/?q=goods/Bauernblume-Roter-Rand-Korb-Von-Volkshilfe-Wien/635819,0,8,0%,12.88
https://niheatingoil.com/list/?q=goods/Klammern-RAPID-Typ-37-13-6-Mm-VE-5000-St/725435,0,8,0%,13.62
https://niheatingoil.com/list/?q=goods/Flaschenhalter-Einsatz-Reparatur-Abdichtung-Ring/963193,0,8,0%,16.75
https://niheatingoil.com/list/?q=goods/Panzerarmband-10-Mm-Edelstahl-750-Weissgold-18K/628420,0,8,0%,17.12
https://niheatingoil.com/list/?q=goods/SRAM-T3-Bandix-3-Speed-Gripshift-Shifter-Black-Yellow/1186851,0,8,0%,17.5
https://niheatingoil.com/list/?q=goods/330-Ml-1-St/1199287,0,8,0%,18.12
https://niheatingoil.com/list/?q=goods/Kg-Kaliwasserglas-10L-Grundierung-Kali-Wasserglas-Wasserglas/1330652,0,8,0%,20.12
https://niheatingoil.com/list/?q=goods/EDELSTAHL-180mm-X-8mm-Fleischhaken-Fleischerhaken-Metzgerhaken/489751,0,8,0%,20.38
https://niheatingoil.com/list/?q=goods/SYBASoil-Premium-Aktivkohle-3-Liter/579456,0,8,0%,25.5
https://niheatingoil.com/list/?q=goods/Lagerbock-Edelstahl-Rostfrei-Niro-Stehlager/610420,0,8,0%,29
https://niheatingoil.com/list/?q=goods/UNISEX-Gummistiefel-Baustiefel-Sicherheitsstiefel-Purofort-S5/1169123,0,8,0%,29.62
https://niheatingoil.com/list/?q=goods/reihig-24-TE-IP-40-Schrack-Verteiler-24TE/505899,0,8,0%,33
https://niheatingoil.com/list/?q=goods/NORM-Steckdose-DIN-4165-Passender-Winkelstecker-Mit/761806,0,8,0%,33.25
https://niheatingoil.com/list/?q=goods/Geschirrwaschbrause-Zweiloch-Wandmischbatterie-Waschbrause-1/694432,0,8,0%,36.62
https://niheatingoil.com/list/?q=goods/Heizelement-Heizstab-Waschmaschine-Waschtrockner-2650W-Kompat/645382,0,8,0%,37.5
https://niheatingoil.com/list/?q=goods/FlashLube-Valve-Saver-System-S2-LPG-Auto-Supplies/1047946,0,8,0%,43.75
https://niheatingoil.com/list/?q=goods/Ohrring-Stopper-Ohrstecker-Verschluss-Stopper-Silikon-Ohrring/589079,0,8,0%,44.62
https://niheatingoil.com/list/?q=goods/Rollcontainer-Mit-Schubladen-IDIMEX-Beistellwagen-U00bbGINA/946275,0,8,0%,55.5
https://niheatingoil.com/list/?q=goods/Deko-3D-Tortendeko-Schmetterling-Kuchen-Torte-Cupcake-Topper/746685,0,8,0%,72.5
https://niheatingoil.com/list/?q=goods/Korg-CA-2-Chromatisches-Stimmgeru00e4t/586443,0,8,0%,88.5
https://niheatingoil.com/products/16195836/,0,7,0%,1
https://niheatingoil.com/products/19524436/,0,7,0%,1
https://niheatingoil.com/products/24305447/,0,7,0%,1
https://niheatingoil.com/products/15927814/,0,7,0%,2.57
https://niheatingoil.com/products/20295014/,0,7,0%,3.71
https://niheatingoil.com/products/23810147/,0,7,0%,3.71
https://niheatingoil.com/list/?q=goods/Mini-Ultra-Compact-Universal-USB-Controller-With-Headphones/1030696,0,7,0%,3.86
https://niheatingoil.com/list/?q=goods/Summer-Fun-Absperrschieber-Klebemuffe-50-Mm-Kaufen-Bei/1088557,0,7,0%,4.71
https://niheatingoil.com/list/?q=goods/Abluftfilter-039-V00-039-1-Stu00fcck-Baumarkt/460672,0,7,0%,4.86
https://niheatingoil.com/list/?q=goods/Beschleuniger-Verstu00e4rker-Booster-Von/538583,0,7,0%,6.29
https://niheatingoil.com/list/?q=goods/Garagenzelt-Store-Boss-3-3-X-4-7-M-Anthrazit/1024648,0,7,0%,6.29
https://niheatingoil.com/list/?q=goods/Flies-Hares-Ear-Olive-Black-Mixed-14-16-18-Fly-Fishing/514335,0,7,0%,6.57
https://niheatingoil.com/list/?q=goods/Bodenbelag-PVC-Belu00e4ge-EXPOTOP-N-6-Tollen-Unfarben/1106838,0,7,0%,7.29
https://niheatingoil.com/list/?q=goods/Practice-Balls-The-House-Of-Golf/799710,0,7,0%,7.71
https://niheatingoil.com/list/?q=goods/WINTERHURE-AUFKLEBER-STICKER-Hologramm-Oilslick-Auto-Glitzer/1215820,0,7,0%,7.71
https://niheatingoil.com/list/?q=goods/OSTREA-Magenkies-2-5mm-25-Kg-Maagkiezel-Geflu00fcgel/894856,0,7,0%,8
https://niheatingoil.com/list/?q=goods/Reiner-Kaschmir-Schal-Glatt-Gestrickt-Stola-In-Hellgrau/856843,0,7,0%,8
https://niheatingoil.com/list/?q=goods/CASTROL-EDGE-FST-LL-5W30-Lt-1-LITRO-VW-504-00-507/676336,0,7,0%,8.29
https://niheatingoil.com/list/?q=goods/Ullrich-Sport-Tischfussball-Tisch-Kicker-Lampe-quot-Ullrich/844380,0,7,0%,8.57
https://niheatingoil.com/list/?q=goods/20-X-100-G-2-Kg-Frisch-Gebrannte-Mandeln-Kirmes-Jahrmarkt/602998,0,7,0%,8.86
https://niheatingoil.com/list/?q=goods/2020-Rotwein-Trocken-Aus-Bulgarien/669332,0,7,0%,9.29
https://niheatingoil.com/list/?q=goods/Brilo-B-Smart-LED-Band-Magic-Mit-Musiksensor-150-LEDs-5-M/1031224,0,7,0%,9.57
https://niheatingoil.com/list/?q=goods/Joma-Einlegesohlen-Fu00fcr-Alle-Schuhe/1159010,0,7,0%,10
https://niheatingoil.com/list/?q=goods/Kaliumsorbat-E202-Fu00fcr-Ku00f6der-Und-Boilies-In-Tu00fcte-Mit/469449,0,7,0%,10
https://niheatingoil.com/list/?q=goods/7er-serie-Angebot-Bei-Das-Futterhaus/991615,0,7,0%,10.14
https://niheatingoil.com/list/?q=goods/PVC-Handlauf-40x8mm-Treppenhandlauf-Kunststoffhandlauf/956083,0,7,0%,10.71
https://niheatingoil.com/list/?q=goods/VOSS-farming-ProfiCUT-Go-Ab-229-90-U20ac-Preisvergleich-Bei/1235428,0,7,0%,10.86
https://niheatingoil.com/list/?q=goods/Konsta-Konstruktionsvollholz-80x100x4000-Mm-Fichte-SI/1242070,0,7,0%,11.29
https://niheatingoil.com/list/?q=goods/WAFFELHOBEL-PROUD-GARNERHOBEL-GURKENHOBEL-GEMu00dcSEHOBEL/1058259,0,7,0%,11.29
https://niheatingoil.com/list/?q=goods/Speedball-Kickerbu00e4lle-Tischkicker-Bu00e4lle-Aus-Kork-PE/735807,0,7,0%,11.43
https://niheatingoil.com/list/?q=goods/Zierleiste-Kantenschutz-Flexibles-Profil-Verchromt-12mm-X-800cm/1163172,0,7,0%,11.57
https://niheatingoil.com/list/?q=goods/Griffrohr-MS-311-362-391-MS311-MS362-MS391-EUR-41-25-DE/774740,0,7,0%,11.71
https://niheatingoil.com/list/?q=goods/Epoxidharz-Mit-Hu00e4rter-2-25kg-GfK-Set-Profi-Qualitu00e4t/1292212,0,7,0%,12.57
https://niheatingoil.com/list/?q=goods/Schonend-Absaugen-25-Cm-10-16-CH-EUR-8/500965,0,7,0%,13
https://niheatingoil.com/list/?q=goods/Vitalisierendes-Lebendfutter-1/1358426,0,7,0%,13
https://niheatingoil.com/list/?q=goods/Buer-KG-Shop-1000-Mm-Kugellenkkranz-Drehkranz-Doppelreihig/978475,0,7,0%,14.14
https://niheatingoil.com/list/?q=goods/Erdal-Schuh-Creme-Tube-Dunkel-Braun-75ml-Lebensmittel/533037,0,7,0%,15
https://niheatingoil.com/list/?q=goods/Wildlederfarbe-12-Farben-Farbe-Fu00fcr-Rauleder-Wildleder/907918,0,7,0%,17.57
https://niheatingoil.com/list/?q=goods/Abzweigdose-Verteilerdose-Wasserdicht-IP68-Indoor-Outdoor/459533,0,7,0%,18.71
https://niheatingoil.com/list/?q=goods/AFH-TheraPIE-Kneteu00ae-Light-MINI-15-G-6er-Spar-Set-Weich/467198,0,7,0%,20.86
https://niheatingoil.com/list/?q=goods/Farben-7-X-3-Cm-Zweizeilig/1012795,0,7,0%,20.86
https://niheatingoil.com/list/?q=goods/Gewehrriemen-Leder-Neopren-4cm-Kurzzieher/470067,0,7,0%,21
https://niheatingoil.com/list/?q=goods/Komet-3-5V-Mit-Beleuchtung-Versandkostenfrei-Voelkner/1380512,0,7,0%,22.14
https://niheatingoil.com/list/?q=goods/1-5V-AA-AAA-3500mWh-Wiederaufladbare-Akkus-Li-ion-Batterie/1062247,0,7,0%,22.57
https://niheatingoil.com/list/?q=goods/Gel-60ml-Sachets-5-Pack-U00a38-Energy-Food/668024,0,7,0%,22.86
https://niheatingoil.com/list/?q=goods/9-036-470-0-Ku00e4rcher-Rad/552414,0,7,0%,25.29
https://niheatingoil.com/list/?q=goods/40ml-Leder-Gummi-Schuhsohle/1102913,0,7,0%,26.43
https://niheatingoil.com/list/?q=goods/XS-Katapult-Futterschleuder-26x20cm/1193486,0,7,0%,27.14
https://niheatingoil.com/list/?q=goods/Passiersieb-Edelstahl-18-10-Online-Kaufen/834245,0,7,0%,28.57
https://niheatingoil.com/list/?q=goods/Kartoffeltragetaschen-Fu00fcr-2-5-Und-5-Kg/954933,0,7,0%,28.86
https://niheatingoil.com/list/?q=goods/Lifan-125cc-Kick-Start-Engine-Black-Or-Silver/552143,0,7,0%,29.86
https://niheatingoil.com/list/?q=goods/WD2-Von-NMC-Neu-Grundiert/536433,0,7,0%,31.57
https://niheatingoil.com/list/?q=goods/Classic-Mix-n-Match-Pack-Leaf-Green/853310,0,7,0%,32.71
https://niheatingoil.com/list/?q=goods/Stabmixer-Mit-500ml-Edelstahl-Becher-Proteinsha-EUR-87-16/937841,0,7,0%,33.29
https://niheatingoil.com/list/?q=goods/Namen-Bestickt-3d-Rassel-Socken-Geschenk-Baby/601854,0,7,0%,35.29
https://niheatingoil.com/list/?q=goods/Transparent-Dichtungsstreifen-10m-X-35mm-Gummilippe/846773,0,7,0%,35.29
https://niheatingoil.com/list/?q=goods/Kurzhantelset-Chrom-Kurzhantel-Hantelset-Gewichte-Bis-15-Kg/958261,0,7,0%,35.71
https://niheatingoil.com/list/?q=goods/Protein-NEUTRAL-BIO-Veganes-Proteinpulver-Bestens/1319047,0,7,0%,38.57
https://niheatingoil.com/list/?q=goods/Neopren-Kopfhauben-3-7-Mm-Zum-Tauchen/495636,0,7,0%,41.71
https://niheatingoil.com/list/?q=goods/Hepa-Filter-Geeignet-Miele-S5-EcoLine-5000-S5221-S5381/609431,0,7,0%,44.86
https://niheatingoil.com/list/?q=goods/Kfz-Schmelzsicherung-Keramik-ATS/900025,0,7,0%,45.57
https://niheatingoil.com/list/?q=goods/Schnellkochtopf-Dichtring-Gummi-1-4-Dick-EUR-9-90-DE/953475,0,7,0%,47
https://niheatingoil.com/list/?q=goods/Senkkopf-Sechskant-Verzinkt-GmbH/633755,0,7,0%,48.57
https://niheatingoil.com/list/?q=goods/Der-Hundesalon-HUNDEFRISEUR-SABINE/634125,0,7,0%,49.57
https://niheatingoil.com/list/?q=goods/LOCHWAND-WERKZEUGWAND-Werkstattwand-Lochblech/498208,0,7,0%,50.14
https://niheatingoil.com/list/?q=goods/Plexiglasrohr-XT-U00f8-60-54-Mm-L-1000-Mm/509224,0,7,0%,52.14
https://niheatingoil.com/list/?q=goods/Landsberger-Gemenge-Als-Zwischenfrucht-AG/650880,0,7,0%,53.71
https://niheatingoil.com/list/?q=goods/Laderaumverkleidung-Fu00fcr-Jumper/651159,0,7,0%,55.71
https://niheatingoil.com/list/?q=goods/Achse-Hinterradachse-9-5-Mm-Lu00e4nge-178-Mm-Inkl/1259325,0,7,0%,56
https://niheatingoil.com/list/?q=goods/Aspen-2T-Sonderkraftstoff-Alkylatbenzin/915424,0,7,0%,56.14
https://niheatingoil.com/list/?q=goods/333-Gelbgold-20-Mm-Feine-Ohrringe-Breite-1/1022954,0,7,0%,56.86
https://niheatingoil.com/list/?q=goods/Zu-Elektrische-Seilwinde-12V/1068763,0,7,0%,61.71
https://niheatingoil.com/list/?q=goods/LUFTMATRATZE-AUFBLASBARER-SESSEL-EUR-29-37-DE/528557,0,7,0%,64.29
https://niheatingoil.com/list/?q=goods/Staedtler-318-1-Lumocolor-Permanent-Folienstift-wasserfest/563767,0,7,0%,73.29
https://niheatingoil.com/products/13210670/,0,6,0%,1
https://niheatingoil.com/products/1383447/,0,6,0%,1
https://niheatingoil.com/products/22668814/,0,6,0%,1
https://niheatingoil.com/products/2829503/,0,6,0%,1
https://niheatingoil.com/products/9873203/,0,6,0%,1
https://niheatingoil.com/list/?q=goods/Niedriger-Schmelzpunkt-Solder-Wire-Lu00f6ten-Zinn-Bleifrei/1110216,0,6,0%,1.67
https://niheatingoil.com/list/?q=goods/Sealant-Material-Roll-AFM-37-8-0-5Mm-1500-X-500Mm-Victor-REINZ/1258265,0,6,0%,4.83
https://niheatingoil.com/list/?q=goods/Xiaomi-Redmi-Note-14-5G-Fu00fcr-Panzerglas-Mit-Kamera/1023061,0,6,0%,5.5
https://niheatingoil.com/products/9399692/,0,6,0%,6.17
https://niheatingoil.com/products/15289792/,0,6,0%,6.5
https://niheatingoil.com/list/?q=goods/DeutschePost-Versandetiketten-167100017-Weiu00df-210-X-148mm/1271862,0,6,0%,6.67
https://niheatingoil.com/list/?q=goods/RS-385-12V-DC-High-Speed-DC-Motor-Shopee-Malaysia/679645,0,6,0%,6.83
https://niheatingoil.com/list/?q=goods/Register-XXL-Karton-A4-u00dcberbreite-10-teilig-32006/596133,0,6,0%,6.83
https://niheatingoil.com/list/?q=goods/Rowenta-SO9280-Excel-Aqua-Safe-Keraik-Heizlu00fcfter-Zwei/675165,0,6,0%,7
https://niheatingoil.com/list/?q=goods/Mit-Sockel-Classico-Premium-Massiv-Schwarz-28-0cm/487909,0,6,0%,7.5
https://niheatingoil.com/list/?q=goods/A4-Maschinengraukarton-Graupappe-700-G-qm-Ca-1-0-Mm-Stark/878026,0,6,0%,7.83
https://niheatingoil.com/list/?q=goods/Ford-Probe-2-PLASMA-TACHO-GLOW-GAUGES-TACHOSCHEIBEN-DIALS/811760,0,6,0%,8
https://niheatingoil.com/list/?q=goods/Steuerteil-Calesco-Heizung-Typ-90-ES-90-PTC-Ohne/894737,0,6,0%,8
https://niheatingoil.com/list/?q=goods/Mm-TS-30-2-Mm-TS-800-X-1000-Mm/1361671,0,6,0%,8.33
https://niheatingoil.com/list/?q=goods/24W-24-Volt-6VA-Netzteil-Trafo/658182,0,6,0%,8.5
https://niheatingoil.com/list/?q=goods/SDS-Plus-Adapter-Beton-Wand/1118243,0,6,0%,8.83
https://niheatingoil.com/list/?q=goods/EF-24-70mm-F2-8L-II-USM-Foto-Erhardt/965835,0,6,0%,9
https://niheatingoil.com/list/?q=goods/Original-HJS-Auspuffhalter-Halter-Universalhalter-Abgasanlage/746355,0,6,0%,9
https://niheatingoil.com/list/?q=goods/4-LARGE-PLACEMATS-BY-PIMPERNEL-NEW/694134,0,6,0%,9.33
https://niheatingoil.com/list/?q=goods/Arendo-2-Scheiben-Toaster-MORGEN-Edelstahl/689679,0,6,0%,9.5
https://niheatingoil.com/list/?q=goods/Flakes-25-G-0-2-Mm-Rot-8-Glitzer-Flitter-Glitter-Glimmer/604139,0,6,0%,10.17
https://niheatingoil.com/list/?q=goods/Gummi-30-KG-Hanteln-Kaufen-Bei/774541,0,6,0%,10.33
https://niheatingoil.com/list/?q=goods/Keulenspru00fchflasche-Felgenbu00fcrste-Konzentrat/1278746,0,6,0%,10.33
https://niheatingoil.com/list/?q=goods/Papier-Namensschilder-12-24-36-48-Germany/1301660,0,6,0%,10.33
https://niheatingoil.com/products/8930847/,0,6,0%,10.33
https://niheatingoil.com/list/?q=goods/Mini-80x70-70x80/785951,0,6,0%,10.67
https://niheatingoil.com/list/?q=goods/T6-Passend-Vliesvelour-Hinten/1083712,0,6,0%,10.67
https://niheatingoil.com/list/?q=goods/Fugenband-Selbstklebend-Fassadenprofile-Fugenband/1083054,0,6,0%,11.33
https://niheatingoil.com/list/?q=goods/Patronenbob-1x-Resttonerbehu00e4lter-Kompatibel-5KZ38A-Fu00fcr/464773,0,6,0%,11.83
https://niheatingoil.com/list/?q=goods/Delrinstecker-Nadeln-Fu00fcr-Lockenwickler/700173,0,6,0%,12
https://niheatingoil.com/list/?q=goods/Sechseckige-Buntstifte-Angebot-Bei-TEDi/802000,0,6,0%,12.5
https://niheatingoil.com/list/?q=goods/Hundetoiletten-Mit-Kunstrasen-Welpentoilette/709901,0,6,0%,12.83
https://niheatingoil.com/list/?q=goods/Alarmanlage-Garage-Handy-Bewegungsmelder-Alarm-Auu00dfen/483697,0,6,0%,14
https://niheatingoil.com/list/?q=goods/Pflege-Set-Mit-Shampoo-Reiniger/1244229,0,6,0%,14.5
https://niheatingoil.com/list/?q=goods/Standlicht-Und-Blinker-Fu00fcr-MF-Ferguson-100er-200er-Serie/463383,0,6,0%,14.83
https://niheatingoil.com/list/?q=goods/10-90-EUR-KG-DE-Bron-Cola-Gums-Cola-Flu00e4schchen-Fruchtgummi/1192028,0,6,0%,15
https://niheatingoil.com/list/?q=goods/Bodenfarbe-2in1-Schutz-Beschichtung-5-Liter-123Lack/1036683,0,6,0%,15
https://niheatingoil.com/list/?q=goods/BOMEI-PACK-Paketklebeband-Braun-Mit-Plastik-Abroller-6-Rollen/1168388,0,6,0%,15.33
https://niheatingoil.com/list/?q=goods/Streifen-Panel-V2A-0-01mm-0-6mm-Dicke-EUR-7-25-DE/868773,0,6,0%,15.5
https://niheatingoil.com/list/?q=goods/LAMMFELL-Handschuhe-Fingerhandschuhe-Echt-Leder-Herren-NEU-EUR/1381502,0,6,0%,15.67
https://niheatingoil.com/list/?q=goods/01g-300g-0-01g-Taschenwaage-Digitale-Waage-Grawaage/503826,0,6,0%,16.17
https://niheatingoil.com/products/15196514/,0,6,0%,16.17
https://niheatingoil.com/list/?q=goods/teilig-KIA-EV6-CV-Original-KIA-CV131ADE00/548414,0,6,0%,17.17
https://niheatingoil.com/list/?q=goods/Crema-Intenso-Melitta-Kaffeebohnen/1064476,0,6,0%,17.5
https://niheatingoil.com/list/?q=goods/Schwerlastregale-Gitterboxen-Regale-In/941589,0,6,0%,18.17
https://niheatingoil.com/list/?q=goods/Spitze-Stiel-Kerzen-Halter-Windlicht-Stab-EUR-11-95-DE/959230,0,6,0%,20.67
https://niheatingoil.com/list/?q=goods/Braumalz-25-Kg-Sack-Ware-Hier-Bestellen/1262274,0,6,0%,20.83
https://niheatingoil.com/list/?q=goods/TEFAL-MAGIC-TEA-Typ-625-Elektrischer-Teekocher-Teemaschine/796030,0,6,0%,22
https://niheatingoil.com/list/?q=goods/Hope-Manivelle-E-Bike-Bikeinn/1053682,0,6,0%,23.17
https://niheatingoil.com/list/?q=goods/Gardenline-Getriebe-Astschere-Testbericht-Bei/1348621,0,6,0%,23.5
https://niheatingoil.com/list/?q=goods/Betriebsanleitung-Bedienungsanleitung-Ersatzteilliste/692187,0,6,0%,23.83
https://niheatingoil.com/list/?q=iam/login?success_uri%3D/product/1272731/&cancel_uri=/product/1272731/,0,6,0%,24.17
https://niheatingoil.com/list/?q=goods/Hochdruckreiniger-Entkalken-So-Geht-039-s/789715,0,6,0%,25.17
https://niheatingoil.com/list/?q=goods/Bunt-Haarreif-Karneval-Fasching-Deko-Lustige-Kopfbedeckung/1183262,0,6,0%,25.33
https://niheatingoil.com/list/?q=goods/Hochwertiger-Werdenfelser-Velour-Trachtenhut-Jagdhut-Hut/578110,0,6,0%,26
https://niheatingoil.com/products/2253125/,0,6,0%,26
https://niheatingoil.com/list/?q=goods/70cm-Hu00f6henverstellbar-Inkl-Tasche-Dreibein-grill-Obi/1063067,0,6,0%,26.67
https://niheatingoil.com/list/?q=goods/Einohrschellen-Aus-Edelstahl-OETIKER/1097217,0,6,0%,27.5
https://niheatingoil.com/list/?q=goods/Lenker-25-4-Geschwungen-560-Mm-Alu-Schwarz-ELOPS/1102247,0,6,0%,28.33
https://niheatingoil.com/list/?q=goods/Geru00e4tefuu00df-Gummi-Selbstklebend-XH-12-7x6-3mm/741382,0,6,0%,29
https://niheatingoil.com/list/?q=goods/Pru00e4zision-Solide-Plastik-Kugeln-Kunststoff-Kugel/1134186,0,6,0%,29.17
https://niheatingoil.com/list/?q=goods/Mitsubishi-Outlander-3-Hinten-Und-Vorne-Kaufen/505707,0,6,0%,29.67
https://niheatingoil.com/list/?q=goods/Kit-Helicoil-15pc-Set-Damaged-Thread-DIY/871997,0,6,0%,31.17
https://niheatingoil.com/list/?q=goods/Edelstahl-Rundstange-Material-1-4305-Stab-Stahl-Rundstahl/608413,0,6,0%,31.5
https://niheatingoil.com/list/?q=goods/MYLILY-Mu00f6nchspfeffer-90-St-Shop-Apotheke/505264,0,6,0%,32.67
https://niheatingoil.com/list/?q=goods/Nutricost-L-Arginine-L-Citrulline-240-Capsules/475567,0,6,0%,33
https://niheatingoil.com/list/?q=goods/Schutzkleidung-Arbeitskleidung-CRAFTLAND/731253,0,6,0%,33
https://niheatingoil.com/list/?q=goods/Behinderung-Bitte-Seien-Sie-Geduldig-Mit/740648,0,6,0%,33.17
https://niheatingoil.com/products/15125914/,0,6,0%,34.33
https://niheatingoil.com/list/?q=goods/Edelstahl-Abschlussleiste-Dekor-INNEN-0-8mm-Sockelleiste/794238,0,6,0%,34.83
https://niheatingoil.com/list/?q=goods/Kariert-Aus-Baumwolle-Ideal-Zum-Relaxen/749147,0,6,0%,35.17
https://niheatingoil.com/list/?q=goods/Lada-Testpaket-je1x400g-Glas-Duo-Brotaufstrich-Milch/1252644,0,6,0%,36.5
https://niheatingoil.com/list/?q=goods/USB-Stick-3-0-2-0-64G-32G-16G-8G-4G-2G-USB-Flash-Drive/1214627,0,6,0%,37.33
https://niheatingoil.com/list/?q=goods/M-Edelstahl-A2-M-4-2x50-TX20-5-3/1068368,0,6,0%,41
https://niheatingoil.com/list/?q=goods/Wasserhahn-Bad-Doppel-Wasserhahn-Garten-1-2-3-4-Zoll-Anschluss/529764,0,6,0%,41.83
https://niheatingoil.com/list/?q=goods/Reifen-Und-Montagehebel-Montierhebel-Rad-Reifenmontage/1018711,0,6,0%,42.33
https://niheatingoil.com/list/?q=goods/SWTYExt-Kabelkanal-Boden-Selbstklebend-2-2mx4cm-Flexibler-Klein/1031812,0,6,0%,43.17
https://niheatingoil.com/list/?q=goods/Strohballenschutz-Heuvlies-Kopostvlies/1085665,0,6,0%,45.67
https://niheatingoil.com/list/?q=goods/STUTTGART-FISCHERHUT-Altdeutsch-Bedruckt-Bucket-Hat/1245287,0,6,0%,47.5
https://niheatingoil.com/list/?q=goods/Schalter-12V-Bis-40A-Auswahl/919917,0,6,0%,48.33
https://niheatingoil.com/list/?q=goods/Schungit-Dolomit-Armband-Mit-Lebensbaum/1336004,0,6,0%,48.33
https://niheatingoil.com/list/?q=goods/Armband-Silber-925-Silber-Armband-Geflochten/463596,0,6,0%,48.67
https://niheatingoil.com/list/?q=goods/Fu00fcr-Kinder-Ab-6-Jahre-Mu00e4dchen-Junge-Pennyboard/999611,0,6,0%,50.17
https://niheatingoil.com/list/?q=goods/SANIERUNGSFRu00c4SE-PUTZFRu00c4SE-1-700W-125mm-Komplett/769118,0,6,0%,53.17
https://niheatingoil.com/list/?q=goods/DOPPELSCHULTERGURT-ADVANCE-Fu00fcr-Motorsense/1335126,0,6,0%,55.67
https://niheatingoil.com/list/?q=goods/Einweg-Papier-Dessertschalen-Und-Partyzubehu00f6r/1076018,0,6,0%,62.5
https://niheatingoil.com/list/?q=goods/Cover-UV-Schutz-Folie-Mit-Lochauschnitt-In-Schwarz/760580,0,6,0%,64.33
https://niheatingoil.com/list/?q=goods/Kreuz-Anhu00e4nger-Firmung-Baby-Taufe/808647,0,6,0%,64.5
https://niheatingoil.com/list/?q=goods/Schweiu00dfschutzdecke-SD14-1-X-2-M-Bis-1260u00b0C/463061,0,6,0%,68.5
https://niheatingoil.com/list/?q=goods/Tankdeckel-Meriva-B-S10-13367796-Online/671275,0,6,0%,74.67
https://niheatingoil.com/list/?q=goods/Damen-Gold-Armband-Edelstahl-Gold-Goldenes-Armband-6mm-Goldener/492489,0,6,0%,79.5
https://niheatingoil.com/36898284965.htm,0,5,0%,1
https://niheatingoil.com/products/17996658/,0,5,0%,1
https://niheatingoil.com/products/9399114/,0,5,0%,1
https://niheatingoil.com/products/22473514/,0,5,0%,1.4
https://niheatingoil.com/products/11551070/,0,5,0%,1.6
https://niheatingoil.com/products/13857158/,0,5,0%,1.6
https://niheatingoil.com/25044233730.htm,0,5,0%,2
https://niheatingoil.com/products/15805869/,0,5,0%,2
https://niheatingoil.com/products/22478914/,0,5,0%,2.2
https://niheatingoil.com/list/?q=goods/036-036AV-036AVEQ-MS360-MS-360-Incl/999397,0,5,0%,2.4
https://niheatingoil.com/list/?q=goods/U-Profil-Aluminium-Roh-22x15x12x2mm-2m/1371784,0,5,0%,2.8
https://niheatingoil.com/36898317272.htm,0,5,0%,3.6
https://niheatingoil.com/products/5332625/,0,5,0%,3.6
https://niheatingoil.com/list/?q=goods/White-LED-T5-W1-2w-Tacho-Lamp-Instruments-Lighting-12-14V-Cold/1057970,0,5,0%,4
https://niheatingoil.com/products/12234636/,0,5,0%,4.4
https://niheatingoil.com/36898305282.htm,0,5,0%,4.6
https://niheatingoil.com/products/12394270/,0,5,0%,5
https://niheatingoil.com/list/?q=goods/Unisex-Handschuhe-Nitril-Chemikalienbestu00e4ndig-Handschuhe/604184,0,5,0%,5.2
https://niheatingoil.com/list/?q=goods/Fur-Palladino-Irus-Agrieuro-DISCO/873071,0,5,0%,5.8
https://niheatingoil.com/78663260865.htm,0,5,0%,6
https://niheatingoil.com/list/?q=goods/TY300-Rear-Derailleur-6-7-Speed-For-Road-Bike-MTB-Mountain-Bike/552378,0,5,0%,6
https://niheatingoil.com/products/21531869/,0,5,0%,6.4
https://niheatingoil.com/list/?q=goods/Deep-Purple-Live-At-The-Olympia-039-96-1997-Classic-Rock/608248,0,5,0%,6.8
https://niheatingoil.com/list/?q=goods/STAHLWERK-Infrarot-Lacktrockner-1-200-W-Mit-Stativ/1098038,0,5,0%,6.8
https://niheatingoil.com/list/?q=goods/Aluminium-Aluminiumrohr-EN-AW-6060-T66-AlMgSi0-5-Vierkantrohr/687460,0,5,0%,7
https://niheatingoil.com/products/2608114/,0,5,0%,7
https://niheatingoil.com/products/910825/,0,5,0%,7
https://niheatingoil.com/list/?q=goods/Alu-Aluminium-SILBER-ELOXAL-Fu00fcr-Alucobond-Dibond-Glas/944883,0,5,0%,7.2
https://niheatingoil.com/list/?q=goods/Kraftstoffpumpe-Primer-Passend-Fu00fcr-Stihl-BG85-Blasgeru00e4t/544261,0,5,0%,7.4
https://niheatingoil.com/products/1795170/,0,5,0%,7.4
https://niheatingoil.com/list/?q=goods/Keilriemen-Fu00fcr-Mc-Cormick-IHC-D212-D214-D215-D217-D219/1294077,0,5,0%,7.6
https://niheatingoil.com/list/?q=goods/METEOR-42-5mm-Zylinder-Zylindersatz-Fu00fcr-Stihl-025-MS250/789302,0,5,0%,7.6
https://niheatingoil.com/products/5103903/,0,5,0%,7.6
https://niheatingoil.com/list/?q=goods/Klimaanlagenreiniger-Spray-500ml-Klimaanlagen/1029694,0,5,0%,7.8
https://niheatingoil.com/7219137132.htm,0,5,0%,8
https://niheatingoil.com/list/?q=goods/25-Ml-Das-Original-CleanU-Sauberer-Urin-Clean-Urin/1065878,0,5,0%,8
https://niheatingoil.com/list/?q=goods/Vanilla-1L-Vanille-Kaffeesirup-Aroma-PET-UK/935067,0,5,0%,8
https://niheatingoil.com/list/?q=goods/Gel-Sattelbezug-Fahrradsitz-Polsterung-Weich-Und-Bequem-Mit/789182,0,5,0%,8.2
https://niheatingoil.com/list/?q=goods/A3-A4-A5-A6-Q2-Q3-Q5-SEAT-Arona-Leon-Diebstahlhemmend-Schwarz/1228156,0,5,0%,8.6
https://niheatingoil.com/list/?q=goods/MTB-Carbon-Fiber-Mud-Guard-Vorne-Und-Hinten-Kompatibler-Passend/1104735,0,5,0%,8.6
https://niheatingoil.com/list/?q=goods/U00d6lpumpe-Utos-UTB-U-M-650-651-Raupe-S651/1176704,0,5,0%,8.6
https://niheatingoil.com/list/?q=goods/Soup-Mercimek-Corbasi-Recipe-Little-Spice-Jar/872900,0,5,0%,8.8
https://niheatingoil.com/products/20960169/,0,5,0%,8.8
https://niheatingoil.com/blog/how-to-save-money-heating-oil,0,5,0%,9
https://niheatingoil.com/list/?q=goods/GOclean-5Kg-250-St-GOclean-All-N-One-20g/1325608,0,5,0%,9
https://niheatingoil.com/list/?q=goods/Glock-19-Gen4-MOS-Co2-Pistole-Kaliber-4-5-Mm-Stahl-BB-P18/1355126,0,5,0%,9
https://niheatingoil.com/list/?q=goods/Bonbon-Ingwer-Orangenminze-Zuckerfrei-75-G-1-Stu00fcck/481820,0,5,0%,9.2
https://niheatingoil.com/list/?q=goods/Auspuff-Schelle-Rena-49-Clamp-2260-4935-Citroen-Rohrschelle/566369,0,5,0%,9.4
https://niheatingoil.com/list/?q=goods/Die-Hamsa-Hand-Cookie-Cutter-Hand-Der-Fatima-Keksausstecher/945995,0,5,0%,9.4
https://niheatingoil.com/list/?q=goods/RAWWEST-BIS-Klapprahmen-50-X-70-Cm-DIN-B2-Mit-25-Mm-Profil/489276,0,5,0%,9.4
https://niheatingoil.com/list/?q=goods/Stallmatten-Paddockmatten-Box-Gummimatten-Stall-quot-NINA/1050579,0,5,0%,9.4
https://niheatingoil.com/list/?q=goods/REINIGUNGSPISTOLE-Mit-TORNADO-EFFEKT-5-LITER-ALLZWECKREINIGER/462482,0,5,0%,9.6
https://niheatingoil.com/list/?q=goods/120-Liter-Bio-nawa-Biotonnen-Inlettsack/785860,0,5,0%,9.8
https://niheatingoil.com/list/?q=goods/5-X-250-Ml-LDPE-Plastic-Bottles-With-Dropper-Cap-Octopus/858204,0,5,0%,9.8
https://niheatingoil.com/list/?q=goods/Fahr-D-2505-D-2506-D-3005-Traktor-Ersatzteile/993170,0,5,0%,9.8
https://niheatingoil.com/list/?q=goods/Kohlebu00fcrsten-Motorkohlen-MAFELL-AD160-Erika-60E-Erika-55/933661,0,5,0%,10.4
https://niheatingoil.com/list/?q=goods/Mit-V-Nut-Aussparung-Gummi-Auflage-Unterlage-Wagen-Heber/1266901,0,5,0%,10.6
https://niheatingoil.com/list/?q=goods/Bergung-Essbar-Vertreter-Bosch-Scheibenwischer-Citroen-Berlingo/1008578,0,5,0%,10.8
https://niheatingoil.com/list/?q=goods/Reiniger-Pro-1-Liter-Ab-8/519742,0,5,0%,10.8
https://niheatingoil.com/list/?q=goods/Schneeschild-Universal-5-Fach-Verstellbar-Fu00fcr-Rasentraktor/839224,0,5,0%,10.8
https://niheatingoil.com/list/?q=goods/Durchm-46-Cm-Blumen-Steckschaum-Ring-Kranz-Blumengestecke/1087768,0,5,0%,11
https://niheatingoil.com/list/?q=goods/Mikro-Wilhelm-Universal-Alkaline-Batterien-Im/470856,0,5,0%,11
https://niheatingoil.com/list/?q=goods/Gluten-Klebereiweiu00df-Kalorien-Nu00e4hrwerte-FoodPal/872057,0,5,0%,11.4
https://niheatingoil.com/list/?q=goods/Stahl-Sechskant-Stange-SW-4-50mm-6-kant-Fe/988284,0,5,0%,11.4
https://niheatingoil.com/list/?q=goods/Xitanium-LED-Downlight-And-Spotlight-Drivers/949967,0,5,0%,11.6
https://niheatingoil.com/list/?q=goods/CHRONOGRAPH-Mount-For-HT-X3006-Air-Gun-Rifle-Chrono-U00a312-50/479369,0,5,0%,12.2
https://niheatingoil.com/list/?q=goods/Feuchte-WC-Reinigungstu00fccher-Online-Kaufen/1202765,0,5,0%,12.4
https://niheatingoil.com/list/?q=goods/Kreta-U00d6l-U00ae-Extra-Natives-Olivenu00f6l-500-Ml-500-Ml/978461,0,5,0%,12.6
https://niheatingoil.com/list/?q=goods/Englisch-Zinn-Damen-Ring-Verstellbar-Oder-Baumeln/851594,0,5,0%,12.8
https://niheatingoil.com/list/?q=goods/Rot-500-Ml-Markierungsspray-Abwaschbar-Mit-U00dcberkopfvenitl/945613,0,5,0%,13
https://niheatingoil.com/list/?q=goods/Vicks-VapoPads-7-Refill-Menthol-Scent-Pads/602375,0,5,0%,13.2
https://niheatingoil.com/list/?q=goods/Blech-Cu-ETP-CW004A-2-0065-Kloeckner-Metals-GER/1199085,0,5,0%,13.4
https://niheatingoil.com/list/?q=goods/Lederarmband-Schwarz-Rote-Naht/748019,0,5,0%,13.4
https://niheatingoil.com/list/?q=goods/Bei-REWE-Co-Kaufen-Trend-Schokolade-Mit/709568,0,5,0%,13.6
https://niheatingoil.com/list/?q=goods/Bolero-Pulver-TEST-Und-Erfahrungen/539675,0,5,0%,13.6
https://niheatingoil.com/list/?q=goods/TUPPERWARE-Ru00fchrschu00fcssel-Maximilian-10-0-L-Tu00fcrkis/1370447,0,5,0%,14.2
https://niheatingoil.com/list/?q=goods/6-Tipps-Zum-Kauf-Einer-Umkehrosmoseanlage/646931,0,5,0%,14.8
https://niheatingoil.com/list/?q=goods/Wurstclipper-Zange-TEST-Bewertung/900972,0,5,0%,15
https://niheatingoil.com/list/?q=goods/Auspuff-Flexrohr-38-40-42-Mm-X-400-Mm-Typ5/1275335,0,5,0%,15.4
https://niheatingoil.com/list/?q=goods/Gasfeder-Huwil-16-1-016-12750-300N/669042,0,5,0%,15.8
https://niheatingoil.com/list/?q=goods/quot-Simson-quot-Gold-KR51-Schwalbe-SR4-1-Spatz-SR4-2-Star/1267459,0,5,0%,16
https://niheatingoil.com/list/?q=goods/4-153153-Y-Steckverbindung-FESTO/1265796,0,5,0%,17.8
https://niheatingoil.com/list/?q=goods/Lebensmittelqualitu00e4t-5-Kg-Hochreiner-Essig-Fu00fcr/898511,0,5,0%,17.8
https://niheatingoil.com/list/?q=goods/Gold-750-00-50cm-Online-Verfauf-Auf-HOLYART/772123,0,5,0%,18
https://niheatingoil.com/list/?q=goods/Helium-Antenne-868-V2-Fiberglas-LoRa/979726,0,5,0%,19.6
https://niheatingoil.com/list/?q=goods/Expander-Mit-Haken-Gepu00e4ckspanner-Spanngurte-Extra-Stark/662367,0,5,0%,20
https://niheatingoil.com/list/?q=goods/WASH-MITT-Mikrofaser-Auto-Waschhandschuh-5-Finger/618319,0,5,0%,20
https://niheatingoil.com/list/?q=goods/Strass-Bu00fcgelbild-Strasssteine-Motiv-Riesige-Feder-Hotfix/725227,0,5,0%,20.4
https://niheatingoil.com/list/?q=goods/05-Wartung-Motorroller-Nova-Motors/622203,0,5,0%,20.6
https://niheatingoil.com/list/?q=goods/Presto-Dichtungsentferner-400ml/825198,0,5,0%,21
https://niheatingoil.com/list/?q=goods/60W-Tragbares-Solarpanel-Autobatterie-Erhaltungs/755939,0,5,0%,21.6
https://www.niheatingoil.com/blog/heating-oil-tank-sizes,0,5,0%,21.6
https://niheatingoil.com/list/?q=goods/8-24-RH-Female-Suppressor-Thread-Adapter/1314047,0,5,0%,21.8
https://niheatingoil.com/list/?q=goods/Damen-Merino-Lammfell-Hausschuhe-MALIBU-GRAU-WEIu00df/725337,0,5,0%,21.8
https://niheatingoil.com/list/?q=goods/Echtglas-Heckwischer-Abdeckung-Clean-Heck-Glasstopfen/1386350,0,5,0%,22
https://niheatingoil.com/list/?q=goods/Zahnsteinkratzer-Mundspiegel-Zahnsonde-Zahndiagnostik/847582,0,5,0%,22
https://niheatingoil.com/list/?q=goods/Verriegelung-Euroaufnahme-Frontlader-In-Bayern-Bogen/1159365,0,5,0%,22.4
https://niheatingoil.com/list/?q=goods/800x600x400-Karton-Faltkartons-Versandkarton-80x60x40-2wellig/1296733,0,5,0%,23.2
https://niheatingoil.com/list/?q=goods/Hausschuhe-Hausschuh-Hauspuschen-Set/774991,0,5,0%,23.8
https://niheatingoil.com/list/?q=goods/Regenschutz-Harley-Davidson-Kaufen-Auf/611888,0,5,0%,24.6
https://niheatingoil.com/list/?q=goods/WILESCO-01803-ERSATZTEIL-DAMPFROHR-D-5/1140321,0,5,0%,24.6
https://niheatingoil.com/list/?q=goods/Holzpferd-Hobby-Horsing-Farbe-Hell-96-333-Steckenpferd-Mit/1180822,0,5,0%,24.8
https://niheatingoil.com/list/?q=goods/Honda-Civic-Type-R-B16B-Engine-LSD-Transmission-Engine/1336967,0,5,0%,25
https://niheatingoil.com/list/?q=goods/Reinigungssysteme-Meyer-GmbH/727980,0,5,0%,25.4
https://niheatingoil.com/list/?q=goods/Pink-Riesige-Auswahl-An-Rosafarbenen-Rahmen/607025,0,5,0%,25.6
https://niheatingoil.com/list/?q=goods/Cognac-2er-Set-Echt-Leder-Dekokissen-Couchkissen/1223564,0,5,0%,26
https://niheatingoil.com/list/?q=goods/Zylinderkopfdichtung-Smart-450-451-CDI-799ccm/487107,0,5,0%,26
https://niheatingoil.com/list/?q=goods/Playmobil-Haus-3965-ZU-VERKAUFEN-DE/780408,0,5,0%,26.4
https://niheatingoil.com/list/?q=goods/Rillenkugellager-Einreihig-Kompakt-Kleine-Durchmesser-Von/1215014,0,5,0%,27.4
https://niheatingoil.com/list/?q=goods/Spannverschluss-Edelstahl-4-Stu00fcck-Hebelverschluss/596763,0,5,0%,27.4
https://niheatingoil.com/list/?q=goods/Grabstein-Grabtafel-Gedenktafel-Gedenkstein-Grabplatte-Motiv-Hf-G/1134234,0,5,0%,27.6
https://niheatingoil.com/list/?q=goods/Verdunkelungsrollo-40-X-100-Beige-Fensterrollo/702937,0,5,0%,28.6
https://niheatingoil.com/list/?q=goods/Window-Color-Folie-Window-Color-Farben-Folien-Bastelmaterialp/910151,0,5,0%,28.6
https://niheatingoil.com/list/?q=goods/Dunkelstrahler-Keramik-Infrarot-Heizung-Modell-Pub-Sun-1300-Watt/465498,0,5,0%,30.6
https://niheatingoil.com/list/?q=goods/Inkl-Ersatzminen-Ergonomischer-Zirkel/764123,0,5,0%,30.8
https://niheatingoil.com/list/?q=goods/Sammlung-Inkl-Holos-Kaufen-Auf/961555,0,5,0%,30.8
https://niheatingoil.com/list/?q=goods/GOFFRIERT-Vakuumierbeutel-41-Gru00f6u00dfen-Fu00fcr-Alle/1341953,0,5,0%,31
https://niheatingoil.com/products/9725503/,0,5,0%,31
https://niheatingoil.com/list/?q=goods/Stahlkugel-RB-70-III-Stahl-Kugeln-Kugeln-DIN-5401-Sturm/1041716,0,5,0%,32.2
https://niheatingoil.com/list/?q=goods/Fein-11cm-Polyesterschaum/600732,0,5,0%,33
https://niheatingoil.com/list/?q=goods/Aged-USA-Ca-650-G-BLOCK-HOUSE-Online/724993,0,5,0%,33.6
https://niheatingoil.com/list/?q=goods/Hudora-Scooter-Hornet-200-Kaufen-Bei/778571,0,5,0%,34.8
https://niheatingoil.com/products/8346614/,0,5,0%,35
https://niheatingoil.com/list/?q=goods/Besteckset-King-30-tlg-Poliert-18/923079,0,5,0%,35.6
https://niheatingoil.com/list/?q=goods/PIKO-Stromabnehmer-Fu00fcr-Hondekop-Schiefergrau/818116,0,5,0%,36
https://niheatingoil.com/list/?q=goods/Rasierschablone-Fu00fcr-Bartstyling-Styling-Tool/465491,0,5,0%,36
https://niheatingoil.com/list/?q=goods/Profil-Mit-Dichtlippe-Schnelle-Lieferung/1383440,0,5,0%,37.6
https://niheatingoil.com/list/?q=goods/Ersatz-Spielzeug-Gu00fcnstig-Gebraucht-Kaufen/687158,0,5,0%,38
https://niheatingoil.com/list/?q=goods/Watt-Reiner-Sinus-BLAU-M-Display-Inverter/611582,0,5,0%,38
https://niheatingoil.com/list/?q=goods/Fittings-Alle-10er-Steckverbinder-Verschraubung-Druckluft-PU/1016103,0,5,0%,38.8
https://niheatingoil.com/list/?q=goods/Namensaufkleber-Drucken-Bestellen-Bei-CEWE/473461,0,5,0%,39
https://niheatingoil.com/list/?q=goods/Schaltschrank-Schrank-Gehu00e4use-Verteler-Ndustregehu00e4use-NEU/1291231,0,5,0%,39.8
https://niheatingoil.com/list/?q=goods/FMM-Traktor-Ausstecher-Set-Aus-Kunststoff-Bauernhof-Trecker/953453,0,5,0%,40.4
https://niheatingoil.com/list/?q=goods/Aufkleber-16-Blatt-Klebepunkte-20-Runde-Dot/1113840,0,5,0%,41.2
https://niheatingoil.com/list/?q=goods/Stuckleisten-Wand-Styroporleisten-Friesleisten-Flachleisten/661315,0,5,0%,42.2
https://niheatingoil.com/list/?q=goods/9-polig-71412-Stecker-Ohne-Kabel-V-Kabel/960647,0,5,0%,43.2
https://niheatingoil.com/list/?q=goods/Kompl-Set-Chrom-Honda-VT-600-Shadow-Tu00dcV/724313,0,5,0%,45
https://niheatingoil.com/list/?q=goods/Espressotasse-Kaffee-Espresso-Henkel-Tasse-Mug-Eckig-Rot/978312,0,5,0%,46.2
https://niheatingoil.com/list/?q=goods/Vergoldet-Trauringe-Eheringe-Freundschaftsringe-E039/611204,0,5,0%,48
https://niheatingoil.com/list/?q=goods/Coon-Adult-U2013-Spezielles-Trockenfutter-Fu00fcr-Grou00dfe/511036,0,5,0%,49.4
https://niheatingoil.com/list/?q=goods/Wax-Hybrid-Solutions-Pro-Pure-Wash-Cleaners-Canada/551921,0,5,0%,49.4
https://niheatingoil.com/list/?q=goods/Pflanzliches-Flockenfutter-Futter/492709,0,5,0%,49.6
https://niheatingoil.com/list/?q=goods/HK-HK-Ratschen-Zurrgurt-2000-DaN-In-Der-Umreifung-Online-Kaufen/790032,0,5,0%,50.6
https://niheatingoil.com/list/?q=goods/Schelle-Bu00fcgelschelle-Rohrschelle-65mm-M8-Verbindungsschelle/1151403,0,5,0%,52.2
https://niheatingoil.com/list/?q=goods/Wiesenegge-Egge-3-Reihig-Schleppe-In/912763,0,5,0%,52.2
https://niheatingoil.com/list/?q=goods/13-X-620-Mm-Typ-Lewis-langer-Bohrer/1132300,0,5,0%,53.4
https://niheatingoil.com/list/?q=goods/Kita-Sticker-Aufkleber-Name-Etiketten-Namensetiketten-EUR-15-99/961542,0,5,0%,54.6
https://niheatingoil.com/list/?q=goods/Ringe-Gold-Timi-Of-Sweden/1048264,0,5,0%,54.6
https://niheatingoil.com/list/?q=goods/Kofferraumwanne-Laderaumwanne-Fu00fcr-Ford-Kuga-III-Ab/985191,0,5,0%,56.2
https://niheatingoil.com/list/?q=goods/35-X-50cm-Fu00fcr-15kg-E-Sandsu00e4cke-Zum-Beschweren/669235,0,5,0%,57.4
https://niheatingoil.com/list/?q=goods/Indoor-NEVERLAND-Motorrad-Abdeckung/548453,0,5,0%,58
https://niheatingoil.com/list/?q=goods/X-350-X-250-Mm-1-wellig-Online-Kaufen/917909,0,5,0%,59.8
https://niheatingoil.com/list/?q=goods/Klebeband-Panzertape-WEISS-50mm-X-50m-Gaffa-Duct-Tape/1090975,0,5,0%,61.4
https://niheatingoil.com/list/?q=goods/2-Stu00fcck-Fahrrad-Kugellager-Fu00fcr-Hinterradachse-Kugelring/880601,0,5,0%,62.6
https://niheatingoil.com/list/?q=goods/40x25kg-Salztabletten-Regeneriersalz-Wasserenthu00e4rtung/960245,0,5,0%,63.8
https://niheatingoil.com/list/?q=goods/128-480-Mm-Edelstahlgriffe-Massiv/762824,0,5,0%,65.6
https://niheatingoil.com/list/?q=goods/LED-Begrenzungsleuchten-Positionsleuchten-Paar-12V-24V-LKW-PKW/769730,0,5,0%,66
https://niheatingoil.com/list/?q=goods/Mittelwand-Gussform-Wassergeku00fchlt-Dadant-Imkereibedarf/604230,0,5,0%,67.8
https://niheatingoil.com/list/?q=goods/GOK-Gewerberegler-Fu00fcr-Propan-Gasflaschen-Variante-50-Mbar/1230192,0,5,0%,68.2
https://niheatingoil.com/list/?q=goods/fach-Sat-DVB-T-C-S2-UKW-Blitzschutz-tv/467138,0,5,0%,69.2
https://niheatingoil.com/list/?q=goods/8x0-8-DIN-471-10-Stu00fcck-Fu00fcr-Wellen-Nutenring-Sprengringe/1264202,0,5,0%,71.8
https://niheatingoil.com/list/?q=goods/Z-B-Armaflex-XG-Platten-Schwarz-50-Mm/1061721,0,5,0%,72.6
https://niheatingoil.com/list/?q=goods/Schmuckservice-Naue-Handwerk-Mit-Leidenschaft/1120223,0,5,0%,73.2
https://niheatingoil.com/list/?q=goods/Vergoldet-Edelstahl-STEEL3MM-Rolo-Link-Seilkette-Halskette-Gold/513732,0,5,0%,73.4
https://niheatingoil.com/list/?q=goods/D50-X-20-N42-Neodym-Magnet-NdFeB/553483,0,5,0%,76.4
https://niheatingoil.com/list/?q=goods/Korda-Kontinental-Haken-Gr-2-6/860493,0,5,0%,82
https://niheatingoil.com/products/12459881/,0,4,0%,1
https://niheatingoil.com/products/12892870/,0,4,0%,1
https://niheatingoil.com/products/13351592/,0,4,0%,1
https://niheatingoil.com/products/14033314/,0,4,0%,1
https://niheatingoil.com/products/23985470/,0,4,0%,1
https://niheatingoil.com/products/3888636/,0,4,0%,1
https://niheatingoil.com/products/8110658/,0,4,0%,1
https://niheatingoil.com/products/8570269/,0,4,0%,1
https://niheatingoil.com/products/14163069/,0,4,0%,1.25
https://niheatingoil.com/products/16036325/,0,4,0%,1.25
https://niheatingoil.com/products/13343525/,0,4,0%,1.5
https://niheatingoil.com/products/22468625/,0,4,0%,1.5
https://niheatingoil.com/products/5089203/,0,4,0%,2
https://niheatingoil.com/products/11084103/,0,4,0%,2.25
https://niheatingoil.com/products/23793547/,0,4,0%,2.25
https://niheatingoil.com/72191233286.htm,0,4,0%,2.5
https://niheatingoil.com/products/13041614/,0,4,0%,2.5
https://niheatingoil.com/products/13276136/,0,4,0%,2.5
https://niheatingoil.com/products/22348603/,0,4,0%,2.5
https://niheatingoil.com/products/11614014/,0,4,0%,2.75
https://niheatingoil.com/products/23180669/,0,4,0%,2.75
https://www.niheatingoil.com/suppliers,0,4,0%,3
https://niheatingoil.com/list/?q=goods/Fu00fcr-Aprilia-SR-50-R-Funmaster-LC-Racing/671834,0,4,0%,3.25
https://niheatingoil.com/list/?q=goods/Classic-160-Mm-Rostfrei-Putzkelle-Mit-Holzgriff/480895,0,4,0%,4
https://niheatingoil.com/list/?q=goods/For-Kenwood-P-3X-Turntable-Replacement-Needle/905943,0,4,0%,4
https://niheatingoil.com/products/25166170/,0,4,0%,4
https://niheatingoil.com/list/?q=goods/3-Einstellbare-Helligkeit-Innen-Und-Auu00dfen/1047137,0,4,0%,4.25
https://niheatingoil.com/list/?q=goods/THE-CARPENTERS-1971-Wildwood-NJ-CONVENTION-HALL-CONCERT-POSTER/890790,0,4,0%,4.25
https://niheatingoil.com/products/14486225/,0,4,0%,4.5
https://niheatingoil.com/products/5562970/,0,4,0%,4.5
https://niheatingoil.com/products/19341192/,0,4,0%,4.75
https://niheatingoil.com/products/22254270/,0,4,0%,4.75
https://niheatingoil.com/list/?q=goods/R65-248-Bremspumpe-Bremszylinder-Vorne-Gasgriff-EUR-119-95-DE/890046,0,4,0%,5
https://niheatingoil.com/products/11336381/,0,4,0%,5
https://niheatingoil.com/products/19731992/,0,4,0%,5
https://niheatingoil.com/list/?q=goods/Cocoa-Pod-Cacao-Chocolate-Candy-Chocolatiers-Silicone-Bakeware/622283,0,4,0%,5.25
https://niheatingoil.com/list/?q=goods/X-30m-Maschenweite-10cm-Reiherschutznetz-Vogelabwehrnetz/1375131,0,4,0%,5.25
https://niheatingoil.com/list/?q=goods/Satz-Fu00fcr-RFT-Laufwerk-MU300-SKR-700-701-SKR700-SKR701-U/789960,0,4,0%,5.5
https://niheatingoil.com/list/?q=goods/Ezcasch-3x4m-Transparente-Plane-Mit-U00d6sen-420g-mu00b2-PVC/671228,0,4,0%,5.75
https://niheatingoil.com/products/21815925/,0,4,0%,5.75
https://niheatingoil.com/list/?q=goods/90ft-3-4-5-6F-Fliegenfischen-Schnur/832321,0,4,0%,6
https://niheatingoil.com/list/?q=goods/Suzuki-Swift-III-2005-2010-Reparatursatz-Schaltseil/1304112,0,4,0%,6
https://niheatingoil.com/products/25153792/,0,4,0%,6
https://niheatingoil.com/list/?q=goods/20-Eichenleisten-Eiche-15x23x630mm-u20ac-2-38-m-4-seitig/1128124,0,4,0%,6.25
https://niheatingoil.com/list/?q=goods/362-Logic-Control-Cassette-Tape-Deck-Rubber-Belts-Kit/549927,0,4,0%,6.25
https://niheatingoil.com/list/?q=goods/Special-100mm-Vintage-Indonesian-Cigarette-Pack-Cigarette/732083,0,4,0%,6.25
https://niheatingoil.com/list/?q=goods/2-75x17-2-3-4-17-Zoll-47P-Fu00fcr-Moped-Mokick/1011460,0,4,0%,6.5
https://niheatingoil.com/list/?q=goods/55W-Canbus-Error-Proof-ODB-2-Hid-Xenon/630119,0,4,0%,6.5
https://niheatingoil.com/list/?q=goods/Dimmer-Module-2-Channel-3-3V-5V-Logic-Ac-50-60Hz/1068139,0,4,0%,6.5
https://niheatingoil.com/list/?q=goods/Dubarry-Teelu00f6ffel-12-Stu00fcck/706873,0,4,0%,6.5
https://niheatingoil.com/list/?q=goods/Kurbel-Abzieher-2-In-1-Fu00fcr-KTM-Haibike/876364,0,4,0%,6.5
https://niheatingoil.com/list/?q=goods/Gasaske-Aktivkohle-Lackieraske-It/1263878,0,4,0%,6.75
https://niheatingoil.com/list/?q=goods/TUSQ-XL-PQL-6011-00-Nut-For-Gibson-Electric-Guita-Bax-Music/1323741,0,4,0%,6.75
https://niheatingoil.com/list/?q=goods/1-1-Ratio-1-1-5-2-Modul-20-30-Zu00e4hne-Zahnrad-45-Stahl/739710,0,4,0%,7
https://niheatingoil.com/list/?q=goods/20-70-Gelb-Verzinkt-Hochfest-10-9-Feingewinde/1117704,0,4,0%,7
https://niheatingoil.com/list/?q=goods/A4-100-Blatt-AVERY-ZWECKFORM/801486,0,4,0%,7
https://niheatingoil.com/list/?q=goods/Beton-Fu00fcr-Metall-Holz-20L-Von-LubSPLY/1154448,0,4,0%,7
https://niheatingoil.com/list/?q=goods/ORIGINAL-CITROEN-PEUGEOT-Kraftstoffadditiv-Eolys-EXTEND-3000ml/740142,0,4,0%,7
https://niheatingoil.com/products/14329003/,0,4,0%,7
https://niheatingoil.com/products/9384958/,0,4,0%,7
https://niheatingoil.com/list/?q=goods/Hunde-Regenjacke-DQGHQME-Haustier-Hund-Regenmantel-Mit-Kapuze/818402,0,4,0%,7.25
https://niheatingoil.com/products/20131681/,0,4,0%,7.25
https://niheatingoil.com/22384135389.htm,0,4,0%,7.5
https://niheatingoil.com/list/?q=goods/Fu00fcr-Respekta-UKS110A-20973-Ku00fchlschrank-Gefrierschrank/493469,0,4,0%,7.5
https://niheatingoil.com/list/?q=goods/Il-Lago-Passion-Taschensignalhorn-Messing/640875,0,4,0%,7.5
https://niheatingoil.com/list/?q=goods/Steel-Serving-Oval-Round-Hot-Towel-EBa/921457,0,4,0%,7.5
https://niheatingoil.com/list/?q=goods/0214-02-Groentechniek-Webshop/727163,0,4,0%,7.75
https://niheatingoil.com/list/?q=goods/Annua-Kapseln-100-Stk-Drogerie-Wyss/1019028,0,4,0%,7.75
https://niheatingoil.com/list/?q=goods/Herren-Archie-T-Shirts-Mit-Langem-Arm-Mehrfarbig/746846,0,4,0%,7.75
https://niheatingoil.com/list/?q=goods/SIX-FAST-Tactical-Helm-Fu00fcr-Paintball-Airsoft-schwarz/1173367,0,4,0%,7.75
https://niheatingoil.com/list/?q=goods/V-Li-Ion-11-6-Ah-10S4P-Samsung-Zellen-E-bike-11600-MAH-EUR/910808,0,4,0%,7.75
https://niheatingoil.com/list/?q=goods/Wu00fcrfel-30x30x30mm-Schwarz-Lackiert-Www/829331,0,4,0%,7.75
https://niheatingoil.com/list/?q=goods/quot-C4BT-quot-SHALLOW-CRANK-FISCH-FANG-SONDERFARBE-CRAW/672653,0,4,0%,7.75
https://niheatingoil.com/products/21746847/,0,4,0%,7.75
https://niheatingoil.com/list/?q=goods/2-4-Mm-X-90-M-Freischneidefaden-Schneidfaden/1081075,0,4,0%,8
https://niheatingoil.com/list/?q=goods/200l-Holzu00f6l-Lebensittelecht-Ineralu00f6l-Fu00fcr/709120,0,4,0%,8
https://niheatingoil.com/list/?q=goods/Bremsbelag-30x4x188-Mm-7-NL-3-Mm/1323691,0,4,0%,8
https://niheatingoil.com/list/?q=goods/Fu00fcr-Therme-TT-2-Austauschbehu00e4lter-Mit/621826,0,4,0%,8
https://niheatingoil.com/list/?q=goods/SP-silber-Netzteil-Mit-OVP-Gebraucht-Neuwertig-1011644/1052691,0,4,0%,8
https://niheatingoil.com/list/?q=goods/X-25-X-2-Winkelprofil-RAL-7016-Anthrazit/1215544,0,4,0%,8
https://niheatingoil.com/products/12174025/,0,4,0%,8
https://niheatingoil.com/products/20533147/,0,4,0%,8
https://niheatingoil.com/products/8439181/,0,4,0%,8
https://niheatingoil.com/list/?q=goods/Everything-You-Need-To-Know/511406,0,4,0%,8.25
https://niheatingoil.com/list/?q=goods/MEGANE-SCu00c9NIC-GRAND-SCu00c9NIC-Zum-Preis-Von-327-78-U20ac/994042,0,4,0%,8.25
https://niheatingoil.com/list/?q=goods/Mit-Katapult-Pistole-Darts-Softball-Und-Aufkleber-Outdoor/865438,0,4,0%,8.25
https://niheatingoil.com/list/?q=goods/LED-Badspiegel-45x60-Cm-Wandspiegel-Badezimmer-Beleuchtet/824473,0,4,0%,8.5
https://niheatingoil.com/list/?q=goods/Speed-50ml-Schwarz-Mischer-2-Komponenten-Kleber-2k-Kunststoff/1030425,0,4,0%,8.5
https://niheatingoil.com/list/?q=goods/24-tlg-Kaufen-Bei-OBI/1249419,0,4,0%,8.75
https://niheatingoil.com/list/?q=goods/Alu-Lochblech-Rv-3-5-Zuschnitt-Nach-Mau00df/728475,0,4,0%,8.75
https://niheatingoil.com/list/?q=goods/GREEN-FLEECE-JACKET-LARGE-REG-GEN-III/1182431,0,4,0%,8.75
https://niheatingoil.com/list/?q=goods/Kantenumleimer-Ahorn-Dekor-Melamin-22-Mm-X-50-M/501045,0,4,0%,8.75
https://niheatingoil.com/list/?q=goods/NAYY-J-5x185-Mmu00b2-SM-1m-Schwarz/1227990,0,4,0%,8.75
https://niheatingoil.com/list/?q=goods/Variant-Kombi-Stou00dfstange-3B9807378-Hinten-97-00-In/1303305,0,4,0%,8.75
https://niheatingoil.com/list/?q=goods/Zapfwellen-Adapter-Hymatec-GmbH/1289390,0,4,0%,8.75
https://niheatingoil.com/list/?q=goods/HOOD-ET-70-200mm-Kaufen-Auf/686692,0,4,0%,9
https://niheatingoil.com/list/?q=goods/Hx7-10w40-Vw-501-01-505-00-Original-Frete-Gru00e1tis/1294191,0,4,0%,9
https://niheatingoil.com/list/?q=goods/RUBI-Ersatzrad-Fu00fcr-RUBI-Fliesenschneider-TX-MAX-TZ-In-Profi/1172992,0,4,0%,9
https://niheatingoil.com/list/?q=goods/SMOKING-HAT-WOOL-BLEND-SIESTA-NEPALESE-THINKING-LOUNGING-CAP-FEZ/530464,0,4,0%,9
https://niheatingoil.com/list/?q=goods/Zweckform-3475-Universal-Etiketten-70-X-36-Mm-Weiu00df/871457,0,4,0%,9
https://niheatingoil.com/list/?q=goods/Einfu00e4rben-Von-Leder-40-Ml/788247,0,4,0%,9.25
https://niheatingoil.com/list/?q=goods/Oxygen-Reiniger-Schaumreiniger/886123,0,4,0%,9.25
https://niheatingoil.com/list/?q=goods/Schild-Autoschild-Hausbesuch-Mit-Saugnapf-1-5-Mm-GREEN/696070,0,4,0%,9.25
https://niheatingoil.com/list/?q=goods/Abfallsammler-Online-Bestellen-Jetzt-Bei/874728,0,4,0%,9.5
https://niheatingoil.com/list/?q=goods/Full-Cheek-Snaffle-Bit-GS-SS-Horse-Bits-SAME-DAY-DISPATCH/738975,0,4,0%,9.5
https://niheatingoil.com/list/?q=goods/Glu00e4ser-Blau-Verspiegelt-Online-Kaufen/1102839,0,4,0%,9.5
https://niheatingoil.com/list/?q=goods/TUYA-APP-RGB-LED-Unterbau-Leuchten-Schrank-Licht-Ku00fcchen/1305728,0,4,0%,9.5
https://niheatingoil.com/products/15896770/,0,4,0%,9.5
https://niheatingoil.com/list/?q=goods/Damen-Renaissance-Kleid-Mit-Korsett/471425,0,4,0%,9.75
https://niheatingoil.com/list/?q=goods/Hexagon-Sechskant-LED-Beleuchtung-Detail-Garage-Werkstatt/1171281,0,4,0%,9.75
https://niheatingoil.com/list/?q=goods/2-Rolls-S0904980-Self-Adhesive-Labels-Compatible-With-DYMO/1024211,0,4,0%,10
https://niheatingoil.com/list/?q=goods/2W-gt-gt-Zwotakt-Garage-2/1003667,0,4,0%,10
https://niheatingoil.com/list/?q=goods/3s-Single-End-Jst-Xh-Connector-Lithium/1135938,0,4,0%,10
https://niheatingoil.com/list/?q=goods/Aggregat-Komplett-Wilesco-Ersatzteile-WIL01436/552858,0,4,0%,10
https://niheatingoil.com/list/?q=goods/Blue-Online-Light-Cigarettes-Tobacco-Haven/608841,0,4,0%,10
https://niheatingoil.com/list/?q=goods/CRW-8-9cm-Craw-6-Gummikrebse-Norwegen-Angeln/866666,0,4,0%,10
https://niheatingoil.com/list/?q=goods/Fu00fcr-Medion-MD-31174-Life-X16015-EUR-14-80-DE/460455,0,4,0%,10
https://niheatingoil.com/list/?q=goods/Touchscreens-U00b7-Dlf-Nova/971425,0,4,0%,10
https://niheatingoil.com/list/?q=goods/Erwachsene-Eid-Mubarak-Su00e4cke-Geschenk-Vorhann/1072907,0,4,0%,10.25
https://niheatingoil.com/list/?q=goods/Jalousie-Alu-Jalousie-Silber-90x130-Cm-Liedeco/955414,0,4,0%,10.25
https://niheatingoil.com/list/?q=goods/Keilriemen-X17-X-1016-Li-Gezahnt-BX/685501,0,4,0%,10.25
https://niheatingoil.com/list/?q=goods/M33-Teile-Buch-1949-1955-Motorrad-Ersatzteil-Katalog/797190,0,4,0%,10.25
https://niheatingoil.com/list/?q=goods/Mikroskop-Mit-Kamera-Stu00e4nder-500-fache/1198980,0,4,0%,10.25
https://niheatingoil.com/list/?q=goods/Outdoor-10-Meter-IP44-Winterfest/584033,0,4,0%,10.25
https://niheatingoil.com/list/?q=goods/Vampirkostu00fcm-Graf-Dracula-Verkleidung-Halloween-Umhang/1099562,0,4,0%,10.25
https://niheatingoil.com/list/?q=goods/Veganes-Glycerin-VG-Propylenglykol-PG-Und-Chemie-Meyer/1324110,0,4,0%,10.25
https://niheatingoil.com/list/?q=goods/Winter-Arbeitshandschuhe-ALDI-Su00dcD/902575,0,4,0%,10.25
https://niheatingoil.com/list/?q=goods/123jagd-Marderfalle-Lebendfalle-Kaufen-Bei/1237051,0,4,0%,10.75
https://niheatingoil.com/list/?q=goods/Barren-2er-Set-TX-040DS-Dip-Station-Bis/1358652,0,4,0%,10.75
https://niheatingoil.com/list/?q=goods/CLS-C257-Airmatic-Tieferlegung-ABC-Luftfahrwerk-99/543097,0,4,0%,10.75
https://niheatingoil.com/list/?q=goods/DIN-A4-Angebot-Bei-Selgros/1171861,0,4,0%,10.75
https://niheatingoil.com/list/?q=goods/Regeneriersalz-24x0-5Kg-Feinku00f6rnig/800830,0,4,0%,10.75
https://niheatingoil.com/list/?q=goods/VENTIL-GT-2460-HANDVERSTELLER-BAUSCHUTZKAPPEN-VK2/1336489,0,4,0%,10.75
https://niheatingoil.com/list/?q=goods/Audi-80-90-B3-B4/1049699,0,4,0%,11
https://niheatingoil.com/list/?q=goods/Einspritzdu00fcsen-150-Teilig-25/549937,0,4,0%,11
https://niheatingoil.com/list/?q=goods/Puzzle-Mit-Eigenem-Foto-Eigenes-Fotopuzzle/1269278,0,4,0%,11
https://niheatingoil.com/list/?q=goods/Harley-Benton-MR-Modern-Baritone-SB-Test/705541,0,4,0%,11.25
https://niheatingoil.com/list/?q=goods/Q-051-QR-TS-50-AV-TS-510-Dichtung/543459,0,4,0%,11.25
https://niheatingoil.com/list/?q=goods/Super-Plus-WR7LTC-Fu00fcr-AUDI-80-A6-VW/1346764,0,4,0%,11.5
https://niheatingoil.com/list/?q=goods/Cormoran-Corastrong-8-Braid-FISCH-FANG/510469,0,4,0%,11.75
https://niheatingoil.com/list/?q=goods/4-Stroke-Engine-Oil-Change-Kit-40-50-60-Hp-Fluid-Filter/1145922,0,4,0%,12
https://niheatingoil.com/list/?q=goods/BIO-Gemahlene-Kreuzku00fcmmel-Kumin-Pulver-Gu00fcnstig-Bei/1258486,0,4,0%,12
https://niheatingoil.com/list/?q=goods/Funk-FM-AM-UKW-DAB-Radio-TV-Modellbau-Auswahl/1280957,0,4,0%,12
https://niheatingoil.com/list/?q=goods/Rakete-Racing-Freund-Enkel-Neffe-Gamer-EUR-5/947417,0,4,0%,12
https://niheatingoil.com/list/?q=goods/3x-Universal-Inspektion-Serviceheft-Wartungsheft-Scheckheft-Opel/475046,0,4,0%,12.25
https://niheatingoil.com/list/?q=goods/Damen-Langarm-Body-Aus-Modal-Tiefer-Rundhalsausschnitt/1380817,0,4,0%,12.25
https://niheatingoil.com/list/?q=goods/Druckluft-Nadelentroster-Mit-12-Stahlnadeln-Rostentferner/888388,0,4,0%,12.25
https://niheatingoil.com/list/?q=goods/Hydraulikzylinder-Doppeltwirkend-40-20-500-Mm-Hub-GB-Lasche/764480,0,4,0%,12.25
https://niheatingoil.com/list/?q=goods/Qashqai-J11-1-2-DIG-T-115-PS/1307194,0,4,0%,12.25
https://niheatingoil.com/list/?q=goods/Stretch-5-Pocket-Style-Fu00fcr-Herren/706538,0,4,0%,12.25
https://niheatingoil.com/list/?q=goods/4pcs-Schlafmaske-Augen-Abdeckung-Einhorn-Augenmaske-Augenbinde/728363,0,4,0%,12.5
https://niheatingoil.com/list/?q=goods/GEIL-AUFKLEBER-LKW-Scheibenaufkleber-Windschild-Truck-Sticker/635120,0,4,0%,12.75
https://niheatingoil.com/list/?q=goods/Box-Ratsche-Bithalter-36tlg-BIT-G-36-FT/1051554,0,4,0%,13
https://niheatingoil.com/list/?q=goods/Pesonalisiete-Themosbeche-Wanapix/898919,0,4,0%,13
https://niheatingoil.com/list/?q=goods/Schilder-Set-quot-Damen-Herren-quot-T-06-R/1260377,0,4,0%,13
https://niheatingoil.com/list/?q=goods/Vs-Lackieren-Ultimativer-Vergleich/863219,0,4,0%,13
https://niheatingoil.com/list/?q=goods/Fork-Engzinken-Kunststoff-Mistgabel-Bollengabel-Mistforke/943676,0,4,0%,13.75
https://niheatingoil.com/list/?q=goods/8K2-2-0-TFSI-Quattro-211-PS-Ab/493689,0,4,0%,14.25
https://niheatingoil.com/list/?q=goods/Spender-4-Cl-Glas-Spirituosen-2-Er-Set-Whisky/1090149,0,4,0%,14.25
https://niheatingoil.com/list/?q=goods/Turbohefe-Classic-48-20-In-5-Tagen-10-Packungen/889906,0,4,0%,14.75
https://niheatingoil.com/list/?q=goods/6-35-50W-Ministar-50050-WFL-Arhiva/1281259,0,4,0%,15.5
https://niheatingoil.com/list/?q=goods/Wolfcraft-Mini-Federzwingen-Set-Microfix-S-4-teilig-Mit/1271316,0,4,0%,15.75
https://niheatingoil.com/list/?q=goods/300-302-445-550-Utus-Traktor-Fiat/1272197,0,4,0%,16.5
https://niheatingoil.com/list/?q=goods/Stabile-Kellnertasche-Servicetasche-Leder/1084006,0,4,0%,16.5
https://niheatingoil.com/list/?q=goods/12V-Schalter-Mit-Kontrollleuchte/698237,0,4,0%,16.75
https://niheatingoil.com/list/?q=goods/Mit-Kugel-25-Stu00fcck-Planenspanner-Mit-Kugel-12cm/941597,0,4,0%,16.75
https://niheatingoil.com/list/?q=goods/EC-Luftentfeuchter-TTK-75-E-Bautrockner-Raumentfeuchter/982709,0,4,0%,17
https://niheatingoil.com/list/?q=goods/Spelplatz-Korb-32x32x32-Seeanemone-Bohren-Mechansch/723298,0,4,0%,17
https://niheatingoil.com/list/?q=goods/10-EIER-ARAUCANA-Lavender-Araucana-Gru00fcnleger-Keine/1351617,0,4,0%,17.25
https://niheatingoil.com/list/?q=goods/Montage-Lochband-10-M-14x2-6-Mm-Kunststoffummantelt/1366532,0,4,0%,17.25
https://niheatingoil.com/list/?q=goods/Gourmet-Essig-U00d6l-U2013-Flaschen-Mit-Ausgieu00dfer-In-Deluxe/1034709,0,4,0%,17.5
https://niheatingoil.com/list/?q=goods/Damen-Schlittschuhe-Die-Besten-Im-Vergleich/984159,0,4,0%,17.75
https://niheatingoil.com/list/?q=goods/KLE-Die/978379,0,4,0%,17.75
https://niheatingoil.com/list/?q=goods/Montana-Eyewear-Lesebrille-Kaufen-Bei/880690,0,4,0%,18.25
https://niheatingoil.com/list/?q=goods/Erwachsene-Erwachsenenschaukel-Schaukel-Schaukelsitz-Multiplex/1339165,0,4,0%,18.75
https://niheatingoil.com/list/?q=goods/Fu00dcR-Sensenaufsatz-Matrix-BMS-900-4-Benzin-Motorsense-EUR/569967,0,4,0%,19.5
https://niheatingoil.com/list/?q=goods/Camping-Germany-Gaskartuschen-190g-Butangas-Butan-Gas/500426,0,4,0%,19.75
https://niheatingoil.com/list/?q=goods/Renolit-MP-Mehrzweckfett-400g-Kartusche-Mehrzweckfett/866798,0,4,0%,19.75
https://niheatingoil.com/list/?q=goods/Backofen-Set-Beko-Backofen-BIE24301W-Mit-Gas-Kochfeld-POH6B6B10/1268845,0,4,0%,20.25
https://niheatingoil.com/list/?q=goods/Dichtring-Zur-U00d6lfilter-Motoru00f6l-Deutz-F1L612/1335540,0,4,0%,20.5
https://niheatingoil.com/list/?q=goods/Paladin-Pantherline-Gelb-Fluo-0-20mm-300m-Angelshop/1022309,0,4,0%,20.5
https://niheatingoil.com/list/?q=goods/Maische-Und-Lebensmittel/485331,0,4,0%,20.75
https://niheatingoil.com/list/?q=goods/4D-Planeten-Luftballons-22-Zoll/573739,0,4,0%,21
https://niheatingoil.com/list/?q=goods/Tanksiegel-Komplettset-4R-Fu00fcr-Tanks-Bis-80-Liter-4-teilig/655713,0,4,0%,21
https://niheatingoil.com/list/?q=goods/130hb140-Bu00fcgelschloss-U-mini-Gelb-143-80-15-Mm/1094416,0,4,0%,21.25
https://niheatingoil.com/list/?q=goods/SH-Engines-18-Complete-Slide-Carburetor-SHETE1809B/1162158,0,4,0%,21.25
https://niheatingoil.com/list/?q=goods/500-Stk-Bio-Hemdchentragetaschen-30-15x55-Cm/802437,0,4,0%,21.5
https://niheatingoil.com/list/?q=goods/Sperrholz-Multiplexplatte-Zuschnitte-Zur-Au-U2013-Deine-Deko/1153021,0,4,0%,21.5
https://niheatingoil.com/list/?q=goods/Fliegerstiefel-Allwetter-Gebr-U2013-Mageras-Military-Store/517868,0,4,0%,21.75
https://niheatingoil.com/list/?q=goods/Stoff-Meterware-Bauernstreifen-Grau-Weiu00df-Streifen-Gestreift/977411,0,4,0%,21.75
https://niheatingoil.com/list/?q=goods/Meisenfutter-Premium-20-Kg/1163156,0,4,0%,22
https://niheatingoil.com/list/?q=goods/RJ11-Ethernet-Test-Indonesia/794338,0,4,0%,22
https://niheatingoil.com/list/?q=goods/Flachdichtend-ISO-16028-Serie-35-MPa/993317,0,4,0%,22.75
https://niheatingoil.com/list/?q=goods/ORIGINALES-DDR-PNEUMANT-Reifen-Prospekt-Lada-Wartburg-Trabant/616208,0,4,0%,22.75
https://niheatingoil.com/list/?q=goods/Sportjacke-Unterhemd-205144-Feinripp-Weiss/792797,0,4,0%,22.75
https://niheatingoil.com/list/?q=goods/Sekundenkleber-Extra-Stark-Superkleber-Extra-Stark-30g/946079,0,4,0%,23.25
https://niheatingoil.com/list/?q=goods/Knauf-Mineral-Rollputz-Diamant-25-Kg-1-Mm/1274036,0,4,0%,23.5
https://niheatingoil.com/list/?q=goods/Monohidrate-300-Gr-BiotechUSA/586480,0,4,0%,23.5
https://niheatingoil.com/list/?q=goods/Schrumpfschlauch-Flexible-Gummimanschette-Verschleiu00dffest/596749,0,4,0%,23.5
https://niheatingoil.com/list/?q=goods/Nasenpiercings-Ringe-Piercing-Express/652917,0,4,0%,23.75
https://niheatingoil.com/list/?q=goods/Rechteckrohre-60x20-Mm-Anthrazit-10-Stu00fcck-Rechteckstopfen/503470,0,4,0%,23.75
https://niheatingoil.com/video/video-xxxxx-sexy-girl-vid-hot-tberswx_4979.html,0,4,0%,23.75
https://niheatingoil.com/list/?q=goods/SELBSTKLEBEND-Format-Menge-Wu00e4hlbar/786312,0,4,0%,24.25
https://niheatingoil.com/list/?q=goods/Toleranz-G6-Vs-H6-DOLD-Mechatronk-YouTube/1334991,0,4,0%,24.25
https://niheatingoil.com/list/?q=goods/1000-Piece-Puzzle-Bode-Museum-In-Berlin-Germany/1060746,0,4,0%,24.75
https://niheatingoil.com/list/?q=goods/Munitionskiste-quot-7-62-Slepe-quot-Aufbewahrungskiste/558385,0,4,0%,24.75
https://niheatingoil.com/list/?q=goods/TAE-3x6-NFN-Ohne-Abdeckung/1306444,0,4,0%,24.75
https://niheatingoil.com/list/?q=goods/TUKNN-Akupunkturstift-Meridianstift-Akupressur-Stab/1148463,0,4,0%,24.75
https://niheatingoil.com/list/?q=goods/Katalysator-Kat-Opel-Astra-G-CC-2-2-Cabriolet-Astra-Caravan/1242413,0,4,0%,25.5
https://niheatingoil.com/list/?q=goods/Aluminium-Streckgitter-Jetzt-Kaufen-Bei/732458,0,4,0%,25.75
https://niheatingoil.com/list/?q=goods/7er-F01-F02-F03-760i-Abgaskru00fcmmer-Auspuffkru00fcmmer-Boysen/634447,0,4,0%,26
https://niheatingoil.com/list/?q=goods/ABE-35-25mm-Mercedes-C-Klasse-Lim-W205-ab-14-28811/1344991,0,4,0%,26.25
https://niheatingoil.com/list/?q=goods/Pappteller-Bedrucken-Pappschalen-Mit-Logo/694020,0,4,0%,26.75
https://niheatingoil.com/list/?q=goods/Kabel-Steckverbinder-Stecker-Wasserdicht/615335,0,4,0%,27
https://niheatingoil.com/list/?q=goods/Treppenhandlauf-40x8-Mm-Viele-Farben-braun/763229,0,4,0%,27.25
https://niheatingoil.com/list/?q=goods/Silber-Faultier-Anhu00e4nger-Halskette/652045,0,4,0%,27.5
https://niheatingoil.com/list/?q=goods/Singlespeed-Retro-In-Nordrhein-Westfalen-Leverkusen/787992,0,4,0%,27.5
https://niheatingoil.com/list/?q=goods/Sterling-Silver-Fine-1-Mm-16-18-20-22-24-Inch-Open-Curb-Chain/999554,0,4,0%,27.5
https://niheatingoil.com/list/?q=goods/Eimer-Und-Mopp-Nass-Und-Trockenwischen-Moppaufsatz/622743,0,4,0%,27.75
https://niheatingoil.com/list/?q=goods/M-4-Mm-X-20-Mm-Kaufen-Bei-OBI/813817,0,4,0%,27.75
https://niheatingoil.com/list/?q=goods/Mm-Wasserabzieher-Bodenabzieher-Wasserschieber-Bodenreinigung/580810,0,4,0%,27.75
https://niheatingoil.com/list/?q=goods/60-Cm-PALETTE-800-X-600-Mm-HALBPALETTEN-In/1357163,0,4,0%,28.5
https://niheatingoil.com/products/24883869/,0,4,0%,28.5
https://niheatingoil.com/list/?q=goods/D2S-LED-Xenon-Brenner-6000K-HID-Lampen-VOLVO-FH/984659,0,4,0%,29
https://niheatingoil.com/list/?q=goods/Gebrauchte-Auto-Anhu00e4nger-Kaufen/554575,0,4,0%,29.25
https://niheatingoil.com/list/?q=goods/Mini-Winegums-Zuckerfrei-75g-Online-Kaufen-Im-World-Of/854405,0,4,0%,29.25
https://niheatingoil.com/list/?q=goods/Steril-Fig-11-Gu00fcnstig-Kaufen/1294650,0,4,0%,29.5
https://niheatingoil.com/list/?q=goods/8mm-Messing-Autoventil-Adapter-Autoventil-Hebelstecker-Air-Chuck/986144,0,4,0%,29.75
https://niheatingoil.com/list/?q=goods/Silber-Wikinger-Armschmuck-Online/1262747,0,4,0%,29.75
https://niheatingoil.com/list/?q=goods/Und-Deckel-Keksdose-Aus-Glas-Notfallkekse-Vorratsglas/1054880,0,4,0%,29.75
https://niheatingoil.com/list/?q=goods/Katzenklappe-Mit-4-Wege-Verriegelung-235-Braun-FRESSNAPF/718321,0,4,0%,30.25
https://niheatingoil.com/list/?q=goods/Class-10-Micro-SD-Karte-Mit-Adapter-64G/1289619,0,4,0%,30.75
https://niheatingoil.com/list/?q=goods/Mm-Versandkarton-Verpackung-Faltschachtel/521130,0,4,0%,32
https://niheatingoil.com/list/?q=goods/Rutschfest-Duscheinlage-Rutschfest-Weich-Komfort-Sicherheits/477854,0,4,0%,32
https://niheatingoil.com/list/?q=goods/Trockenbauschleifer-MENZER-TSW-225-Pro/938825,0,4,0%,32.5
https://niheatingoil.com/list/?q=goods/Kleinverteiler-Aufputz-Aufputz-Sicherungskasten/519625,0,4,0%,32.75
https://niheatingoil.com/list/?q=goods/Pizza-Passion-Pour-L-039-amour-De-La-Pizza/488068,0,4,0%,32.75
https://niheatingoil.com/list/?q=goods/Sensations-Gelees-Geschmacksvielfalt-Vom-Land-Multipack-18x85-G/937602,0,4,0%,33
https://niheatingoil.com/list/?q=goods/Sicherheits-Fuu00dfschalter-230V-Gewindeschneiden/855026,0,4,0%,33
https://niheatingoil.com/list/?q=goods/Vorschau-Inkontinenz-Slip-Maxi/1194082,0,4,0%,33.25
https://niheatingoil.com/list/?q=goods/Tchibo-Cafissimo-Premium-Collection-6-Sortimente-Capsule-Cafea/1325354,0,4,0%,33.5
https://niheatingoil.com/list/?q=goods/IPTV-OTT-ANDROID-TV-BOX-Kaufen-Auf/914777,0,4,0%,36
https://niheatingoil.com/list/?q=goods/Taktischer-Bundeswehr-Rucksack-M-EUR-61/683317,0,4,0%,36.25
https://niheatingoil.com/list/?q=goods/Stencil-Papier-Tattoo-Tattoo-Transferfolien-A4-5-Blatt/754346,0,4,0%,36.75
https://niheatingoil.com/list/?q=goods/Simson-KR51-S51-S70-SR50-SR80-Online-Shop/485486,0,4,0%,37
https://niheatingoil.com/list/?q=goods/Umzugskartons-Kleiderbox-Mit-Stange-Schachteln-Zu00fcgelbox/580760,0,4,0%,37.5
https://niheatingoil.com/list/?q=goods/Mongolisch-Sitzsack-Aus-Kunstfell-Kaufen/819888,0,4,0%,37.75
https://niheatingoil.com/list/?q=goods/Herren-Slip-Im-3er-Pack-Von-NKD-Ansehen/942803,0,4,0%,38.25
https://niheatingoil.com/list/?q=goods/Ml-Weihnachtliches-Schneespray-Kaufen/1158436,0,4,0%,38.5
https://niheatingoil.com/list/?q=goods/L-Heimwerker-Produkte-Profi-Lackieranzug-Blau-Waschbar/748290,0,4,0%,38.75
https://niheatingoil.com/list/?q=goods/Schlauchadapter-AD007-Mit-18-8er-Schliff-Shisha/1060012,0,4,0%,38.75
https://niheatingoil.com/list/?q=goods/XXL-Doppel-Kaninchenstall-Hasenstall-Doppelstu00f6ckig/517280,0,4,0%,39
https://niheatingoil.com/list/?q=goods/Dunkelblau-Seide-Online-Shop-Direkt/916807,0,4,0%,39.75
https://niheatingoil.com/list/?q=goods/Magnetleiste-Werkzeugleiste-Magnet-Werkzeughalter-Halterung/1155409,0,4,0%,40
https://niheatingoil.com/list/?q=goods/Rund-Sepiabraun-RAL-8014-NW-100-Mm-AT/525170,0,4,0%,40
https://niheatingoil.com/list/?q=goods/Jotter-Schreibset-Silber-gold-Mit-Gravur/710188,0,4,0%,40.25
https://niheatingoil.com/list/?q=goods/Wischerarm-Abdeckung-Hinten-Fu00fcr-Volkswagen-T5/1375382,0,4,0%,40.5
https://niheatingoil.com/list/?q=goods/Brast-5in1-Freischneider-Rasentraktor/906419,0,4,0%,40.75
https://niheatingoil.com/list/?q=goods/Label-Applicators-Axicon-Labels/810329,0,4,0%,40.75
https://niheatingoil.com/list/?q=goods/Frauen-Clogs-Zehentrenner-Hausschuh-Gartenschuh-Frauen-Weibliche/1313458,0,4,0%,41
https://niheatingoil.com/list/?q=goods/X-51-Mm-X-25mm-Kern-4000-Op-Een-Rol-6-Per-Doos/1187729,0,4,0%,41
https://niheatingoil.com/list/?q=goods/Putzbox-IRH-Shiny-U00bb-Farbe-Black-Glitter/1323915,0,4,0%,41.25
https://niheatingoil.com/list/?q=goods/X-60-Mm-Rechteckig-Mit-Text-Und-Logo-Individuell-Gestalten/912895,0,4,0%,41.5
https://niheatingoil.com/list/?q=goods/45675-Unterstu00fctzung-Fu00fcr-Bremsflu00fcssigkeit/681574,0,4,0%,41.75
https://niheatingoil.com/list/?q=goods/Toom-Das-Hotel-Anmerkung-Fru00fcheste/1132815,0,4,0%,42
https://niheatingoil.com/list/?q=goods/Und-Parasitenschutz-Fu00fcr-Katzen/1241680,0,4,0%,42
https://niheatingoil.com/list/?q=goods/Auto-Spachtelmasse-AVO-5Kg-Mt-Hu00e4rter/758484,0,4,0%,42.25
https://niheatingoil.com/list/?q=goods/KUGA-1-6-TDCI-MINUS-KLEMA-AV6N10C679BF/1334081,0,4,0%,42.25
https://niheatingoil.com/list/?q=goods/302-Schlu00fcssel-Yale-Hyster-Stapler-Gabelstapler-Baumaschinen/1183484,0,4,0%,42.75
https://niheatingoil.com/list/?q=goods/IPhone-SE-2022-Panzerglas-Schutzfolien/1036735,0,4,0%,42.75
https://niheatingoil.com/list/?q=goods/Zum-Schneiden-Scheren-Online-Kaufen/768131,0,4,0%,42.75
https://niheatingoil.com/list/?q=goods/Pochen-Formel-Fest-Klebeband-Transparent-Extra-Stark-Amazon-Mini/1375893,0,4,0%,43.5
https://niheatingoil.com/list/?q=goods/8-14-16-18-20-24-28-40-Polig-Pin-2-54-Fassunge/951274,0,4,0%,44.5
https://niheatingoil.com/list/?q=goods/U-Form-Balken-Schuh-Beton-Anker-Holz-balken-Riffel-Dolle/957532,0,4,0%,45.25
https://niheatingoil.com/list/?q=goods/Fuggler-X-SpongeBob-Schwammkopf-Kuscheltier-SpongeBob-Smyths/948232,0,4,0%,45.5
https://niheatingoil.com/list/?q=goods/3-1-2-Zoll-Bretes-Polsterband-Mt-Etsy/1348587,0,4,0%,45.75
https://niheatingoil.com/list/?q=goods/Stehlagereinheit-UCPA-201-Welle-12-Mm/1354264,0,4,0%,46
https://niheatingoil.com/list/?q=goods/Arbeitskleidung-Dunkelblau-Rot-Gr/1190717,0,4,0%,46.25
https://niheatingoil.com/list/?q=goods/Player-6-X-Mega-Box-Mit-Kippaschenbecher/637618,0,4,0%,47.75
https://niheatingoil.com/list/?q=goods/Echter-Kohlefaser-Und-Aramid-190-G-Mu00b2-3k-TWILL-Rot/1374867,0,4,0%,48.25
https://niheatingoil.com/video/video-local-porn-sexy-girl-vid-hot-tberswx_5800.html,0,4,0%,50.5
https://niheatingoil.com/list/?q=goods/Fischfinder-Im-Test-Echolot-Fischfinder/1276189,0,4,0%,51.25
https://niheatingoil.com/list/?q=goods/Nockenwellenversteller-Audi-1-8T/1238051,0,4,0%,51.25
https://niheatingoil.com/list/?q=goods/Wunschtext-Logo-Inkl-Edelstahl/611775,0,4,0%,51.5