Top queries,Clicks,Impressions,CTR,Position
heating oil ballymoney,15,182,8.24%,2.55
heating oil prices near me,12,287,4.18%,11.85
compare oil prices,11,672,1.64%,33.29
heating oil,11,305,3.61%,14.22
home heating oil,10,401,2.49%,53.54
heating oil comparison,9,1313,0.69%,41.87
cheapest heating oil prices in my area,9,660,1.36%,12.22
ni heating oil,9,380,2.37%,6.29
oil prices ni,8,1279,0.63%,15.79
heating oil near me,8,67,11.94%,8.27
heating oil prices,7,589,1.19%,23.37
ni heating oil prices,7,480,1.46%,8.26
compare heating oil prices,6,734,0.82%,45.06
home heating oil ni,6,327,1.83%,16.12
oil prices near me,5,216,2.31%,8.18
heating oil prices ni,4,536,0.75%,13.62
ni oil prices,4,523,0.76%,11.46
oil ni,4,317,1.26%,8.44
compare home heating oil prices,4,125,3.2%,13.94
home heating oil near me,4,33,12.12%,4.15
cheapest oil ni,3,412,0.73%,18.92
oil compare ni,3,72,4.17%,7.18
compare heating oil prices near me,3,53,5.66%,6.62
heating oil coleraine,3,31,9.68%,15.16
oil ballymoney,3,20,15%,1.95
oil near me,3,13,23.08%,4.46
schulte dominosteine 1 kg,3,7,42.86%,6.43
oil prices northern ireland,2,837,0.24%,22.53
heating oil ni,2,635,0.31%,19.57
oil comparison ni,2,391,0.51%,7.6
home heating oil northern ireland,2,277,0.72%,17.45
cheapest home heating oil,2,174,1.15%,76.32
compare oil prices ni,2,123,1.63%,13.25
heating oil comparison ni,2,109,1.83%,8.38
oil prices in n ireland,2,65,3.08%,12.42
cheapest oil prices ni today,2,50,4%,29.48
compare oil prices northern ireland,2,40,5%,15.82
cheapest oil prices ni today near me,2,40,5%,17.62
compare oil prices near me,2,37,5.41%,7.27
cheapest heating oil prices in my area northern ireland,2,29,6.9%,7.97
home heating oil coleraine,2,25,8%,12.08
oil delivery near me,2,24,8.33%,6.04
best heating oil prices near me,2,16,12.5%,9.38
olivia and kate comforter set,2,8,25%,1
oil compare prices,2,7,28.57%,19.57
oil price northern ireland,1,361,0.28%,25.57
oil price ni,1,302,0.33%,11.52
heating oil prices northern ireland,1,243,0.41%,19.15
oil prices ni comparison,1,200,0.5%,11.35
cheapest heating oil,1,181,0.55%,59.91
ni oil comparison,1,126,0.79%,6.16
ni oil,1,123,0.81%,9.79
cheap heating oil,1,119,0.84%,50.52
oil heating prices,1,118,0.85%,74.81
oil prices n ireland,1,117,0.85%,15.31
heating oil price,1,113,0.88%,48.78
oil price n i,1,111,0.9%,20.03
compare heating oil prices ni,1,88,1.14%,11.25
cheapest heating oil ni,1,82,1.22%,22.68
heating oil belfast prices,1,74,1.35%,31.64
oil price checker ni,1,72,1.39%,11.25
northern ireland heating oil prices,1,69,1.45%,16.2
home heating oil prices near me,1,69,1.45%,17.23
current price of home heating oil,1,67,1.49%,70.76
oil price comparison,1,64,1.56%,31.16
oilni,1,63,1.59%,7.75
oil prices in ni,1,47,2.13%,19.6
trillerpfeife rossmann,1,41,2.44%,3.76
heating oil price comparison,1,36,2.78%,39.67
cheapest heating oil prices in my area today,1,33,3.03%,10.39
ni oil price checker,1,30,3.33%,10.4
heating oil comparison sites,1,27,3.7%,37.89
heating oil quote,1,23,4.35%,39.52
cheapest oil prices lisburn,1,22,4.55%,66.23
cheapest heating oil prices in my area near me,1,20,5%,10.55
heating oil prices ballymoney,1,15,6.67%,9.8
heating oil suppliers near me,1,14,7.14%,9.29
cheapest oil prices,1,14,7.14%,58
order oil ni,1,13,7.69%,6.38
best heating oil prices near me today,1,12,8.33%,5.83
cheapest oil prices near me,1,11,9.09%,13.55
oil prices in northern ireland today,1,11,9.09%,32.64
cheapest oil prices ni today northern ireland,1,11,9.09%,43.18
oil price near me,1,10,10%,35.9
home heating oil ballymoney,1,9,11.11%,1.89
oil prices in belfast,1,8,12.5%,29.75
oil company near me,1,7,14.29%,5.86
oil distributors near me,1,7,14.29%,18
home heating oil removal,1,7,14.29%,50.43
emergency oil delivery near me,1,6,16.67%,3.67
cheap oil near me,1,6,16.67%,12.83
cheapest home heating oil near me,1,6,16.67%,19.5
compare heating oil prices in my area,1,5,20%,5.4
oil tank installation,1,4,25%,2.5
heating oil payment plans near me,1,4,25%,8.25
what price is 500 litres of oil in northern ireland today,1,4,25%,23.5
cheapoil ni,1,4,25%,24
heating oil for sale near me,1,3,33.33%,1
martha stewart sweater weather christmas tree,1,3,33.33%,1.67
cheapest oil prices in northern ireland today,1,3,33.33%,3
cheap home heating oil near me,1,3,33.33%,6.33
oil tank replacement,1,3,33.33%,6.67
cheapest oil delivery near me,1,3,33.33%,9
same day oil delivery near me,1,3,33.33%,11.33
house oil,1,3,33.33%,51.33
home heating oil near me prices,1,3,33.33%,54
oil delivery today,1,2,50%,2
rundsplint,1,2,50%,9.5
tupper tafelperle 3 5 l,1,2,50%,11
buy home heating oil near me,1,1,100%,1
buy oil near me,1,1,100%,1
hiting oil,1,1,100%,1
home heating.oil,1,1,100%,1
heating oil suppliers in my area,1,1,100%,2
go fuels heating oil,1,1,100%,3
heating oil culloville,1,1,100%,3
oil providers near me,1,1,100%,4
oil in my area,1,1,100%,6
next day oil delivery near me,1,1,100%,9
heating oil supplies near me,1,1,100%,10
heating oil prices ballyclare,1,1,100%,21
pikachu cosplay halloween box,1,1,100%,26
compare heating oil,0,413,0%,39.78
home heating oil prices in northern ireland,0,405,0%,36.07
heating oil prices in northern ireland,0,389,0%,23.41
fuel oil prices northern ireland,0,369,0%,38.78
how to dispose of home heating oil,0,328,0%,44.62
heating oil disposal,0,306,0%,65.88
heating oil prices compare,0,282,0%,45.37
heating oil compare prices,0,230,0%,52.21
oil compare,0,228,0%,38.48
home heating oil prices,0,228,0%,80.57
heating oil prices belfast,0,223,0%,49.45
heating oil comparison site,0,208,0%,45.81
home heating oil disposal,0,194,0%,54.55
cheap oil ni,0,181,0%,29.05
heating oil northern ireland,0,180,0%,18.67
compare oil price,0,175,0%,44.47
compare home oil prices,0,168,0%,57.38
heating oil price comparisons,0,167,0%,44.91
where can i dispose of home heating oil,0,159,0%,54.29
heating oil prices in ni,0,158,0%,16.47
how to dispose of old heating oil,0,153,0%,61.1
heating oil tank sizes,0,151,0%,39.85
heating oil price ni,0,143,0%,16.43
cheapest heating oil prices,0,135,0%,53.74
ni oil price chart,0,128,0%,30.34
price for home heating oil,0,128,0%,84.09
heating oil ireland,0,125,0%,76.06
home heating oil prices ni,0,122,0%,30.69
local heating oil prices,0,120,0%,87.35
ni heating oil prices trend,0,119,0%,20.24
price home heating oil today,0,116,0%,87.87
price of oil ni,0,114,0%,11.61
cheaper oil ni,0,114,0%,39.74
price of heating oil northern ireland,0,113,0%,12.34
oil comparison sites,0,113,0%,54.88
domestic oil price comparison,0,111,0%,69.67
price of home heating oil,0,107,0%,79.81
home oil prices,0,105,0%,53.6
home heating oil prices belfast,0,103,0%,45.83
oil price comparisons,0,100,0%,44.13
cheapest heating oil belfast,0,99,0%,39.75
home heating oil prices today,0,99,0%,79.99
northern ireland oil prices,0,97,0%,18.58
oil prices belfast,0,96,0%,45.88
how to dispose of old oil tank northern ireland,0,95,0%,11.74
oil price comparison northern ireland,0,93,0%,9.85
cheapest oil ni trend,0,93,0%,16.63
oil home heating prices,0,93,0%,88.12
home heating oil support ni,0,92,0%,6.02
cost of heating oil ni,0,92,0%,35.24
heating oil northern ireland telephone number,0,86,0%,73.27
heating oil blog,0,84,0%,34.68
prices of home heating oil,0,81,0%,83.9
compare oil ni,0,80,0%,8.78
oil heating prices ni,0,80,0%,20.56
oil tank sizes,0,80,0%,43.42
cheap heating oil ni,0,80,0%,49.76
heating oil cheapest,0,80,0%,69.44
ni home heating oil,0,75,0%,19
current price of heating oil per litre,0,75,0%,70.71
oil price checker,0,73,0%,17.58
what price is 500 litres of oil in northern ireland,0,70,0%,19.69
current heating oil price per litre,0,69,0%,59.74
cost of heating oil,0,69,0%,75.84
oil prices belfast 500 litres,0,68,0%,48.04
heating oil prices magherafelt,0,68,0%,50.99
oil prices in northern ireland,0,67,0%,24.28
best oil prices n ireland,0,66,0%,16.88
cheap home oil prices,0,65,0%,44.51
check oil prices,0,65,0%,62.23
oil price home heating,0,65,0%,87.8
best heating oil prices,0,63,0%,57.84
home heating oil prices northern ireland,0,62,0%,34.89
karlsbader oblaten billa,0,60,0%,9.33
home oil prices ni,0,60,0%,38.08
current prices for heating oil,0,60,0%,60.35
oil price heating,0,60,0%,68.53
cheap home heating oil,0,60,0%,87.07
best oil prices ni,0,59,0%,19.36
oil price comparison ni,0,58,0%,8.74
heating oil prices n ireland,0,58,0%,15.33
price of heating oil,0,58,0%,62.86
heating oil prices coleraine,0,57,0%,52.79
get rid of heating oil smell in house,0,57,0%,83.16
oil tank ni sizes,0,56,0%,2.07
n.i. heating oil prices,0,55,0%,13.53
ni oil price,0,54,0%,14.33
cheapest oil prices ni,0,52,0%,34.31
domestic heating oil comparison,0,52,0%,60.35
heating oil prices ni today,0,50,0%,18.98
cheapest home heating oil ni,0,50,0%,29.16
how to get rid of heating oil,0,50,0%,36.78
compare heating oil prices uk,0,50,0%,63.78
oil for home heating prices,0,50,0%,93.52
oilprice ni,0,49,0%,10.88
oil northern ireland,0,49,0%,34.94
what size oil tank do i need,0,48,0%,53.4
waste heating oil disposal,0,48,0%,74.88
how much is heating oil in northern ireland,0,47,0%,14.79
what price is heating oil,0,47,0%,69.36
home heating oil comparison ni,0,46,0%,12.54
ni home heating oil prices,0,46,0%,29.09
domestic heating oil prices,0,46,0%,91.33
price heating oil ni,0,45,0%,14.6
heating oil price tracker ni,0,45,0%,16.82
cheapest oil northern ireland,0,45,0%,39.96
heating oil prices today,0,45,0%,66.04
home heating oil ni prices,0,44,0%,35.48
current price home heating oil,0,44,0%,69.27
heating oil price northern ireland,0,43,0%,21.98
heating oil price checker,0,42,0%,38.33
cheapest heating oil prices ni,0,42,0%,42.24
home heating oil prices derry,0,42,0%,73.74
prices of heating oil,0,42,0%,74.38
heating oil belfast,0,42,0%,86.81
home oil prices northern ireland,0,41,0%,41.71
home heating oil prices in derry,0,41,0%,50.34
average home heating oil prices,0,41,0%,56.46
belfast heating oil phone number,0,41,0%,84.02
kerosene prices ni,0,40,0%,11.53
ni consumer council oil prices,0,40,0%,14.05
oil comparison,0,40,0%,32.9
heating oil prices derry,0,40,0%,65.97
current price for home heating oil,0,40,0%,72.53
today's home heating oil prices,0,40,0%,81.97
oil prices coleraine,0,40,0%,88.5
steriler wundverband 8x10 rossmann,0,39,0%,9.69
cheap home heating oil ni,0,39,0%,37
average price home heating oil,0,39,0%,74.56
oil prices ni today,0,38,0%,26.5
price of home heating oil ni,0,38,0%,27.63
cost of heating oil northern ireland,0,38,0%,35.45
cheapest oil prices northern ireland,0,38,0%,46.39
oil direct prices today,0,38,0%,53.76
oil tank sizes ireland,0,37,0%,25.81
heating oil costs,0,37,0%,68.54
cheapest home heating oil price,0,37,0%,74.95
oil price for heating,0,37,0%,79.05
900 litres of oil,0,37,0%,85.46
compare oil,0,36,0%,36.56
sizes of oil tanks,0,36,0%,39.92
price home heating oil ni,0,36,0%,44.53
price of heating oil ni,0,35,0%,21.2
oil checker ni,0,35,0%,23.06
best heating oil prices in my area,0,35,0%,70.46
heating oil ni prices,0,34,0%,14.5
oil price belfast,0,34,0%,18.97
heating oil cost,0,34,0%,77.68
cheapest oil heating prices,0,34,0%,79.56
home heating oil in ni,0,33,0%,45.21
heating oil prices in derry,0,33,0%,58.97
home heating oil price today,0,33,0%,83.06
heat oil price today,0,33,0%,90.33
price heating oil northern ireland,0,32,0%,14.22
oil prices ballymoney,0,32,0%,23.84
900l oil tank,0,32,0%,41.56
cheap oil in derry,0,32,0%,62.53
www cheaperoil com,0,32,0%,70.75
ni oil price tracker,0,31,0%,6.52
ni home heating oil price comparison,0,31,0%,19.16
value oils ni,0,31,0%,23.55
fuel oil prices n ireland,0,31,0%,33.1
best oil prices,0,31,0%,60.55
home heating oil price,0,31,0%,79.1
oil home heating,0,31,0%,91.1
samsonite ersatzteile,0,30,0%,19.5
heating oil compare,0,30,0%,29.03
residential heating oil tank sizes,0,30,0%,37.1
oil prices derry,0,30,0%,52.27
heating oil prices boiler juice,0,30,0%,59
what price is heating oil today,0,30,0%,71.33
current home heating oil price,0,30,0%,71.83
how much is a new oil boiler northern ireland,0,30,0%,81.63
n i oil prices,0,29,0%,15.31
price of oil in ni,0,28,0%,31.18
heating oil prices strabane,0,28,0%,75.46
price oil ni,0,27,0%,14.3
price of heating oil in northern ireland,0,27,0%,26.89
home heating oil prices n ireland,0,27,0%,42.85
price of home heating oil today,0,27,0%,77.07
consumer council ni oil prices,0,26,0%,23.81
oil ni prices,0,26,0%,24.5
cheapest oil in northern ireland,0,26,0%,34.62
oil prices armagh,0,26,0%,34.96
kerosene prices newry,0,26,0%,70.65
best price heating oil,0,26,0%,73.35
home heating oil cost,0,26,0%,84.5
sugarplum dreams gingerbread man,0,25,0%,2.84
backoblaten billa,0,25,0%,5.68
northern ireland home heating oil support,0,25,0%,8.04
oblaten kaufen billa,0,25,0%,11.24
price of oil in northern ireland,0,25,0%,24.24
cheapest heating oil northern ireland,0,25,0%,24.76
price of home heating oil northern ireland,0,25,0%,30.44
cheap heating oil prices,0,25,0%,31.6
oil heating derry,0,25,0%,64.6
oil prices in newry,0,25,0%,77.96
oil price in ni,0,24,0%,23.75
standard oil tank size uk,0,24,0%,35.71
cheap oil in northern ireland,0,24,0%,37.17
home heating oil comparison,0,24,0%,46.33
cheap oil prices,0,24,0%,46.92
heating oil prices ballymena,0,24,0%,63.79
cooking oil recycling ni,0,24,0%,64.75
rix domestic heating oil prices,0,24,0%,82.62
heating oil prices northern ireland graph,0,23,0%,12.74
heating oil trends ni,0,23,0%,17.17
what price is heating oil in northern ireland,0,23,0%,20.65
waste oil collection northern ireland,0,23,0%,25.96
price of home heating oil in northern ireland,0,23,0%,30.57
best price home heating oil ni,0,23,0%,38.39
cheap oil northern ireland,0,23,0%,41.09
how to dispose of heating oil sludge,0,23,0%,73.57
how much is heating oil per litre,0,23,0%,88.48
best oil prices near me,0,22,0%,13.86
heating oil in northern ireland,0,22,0%,18.64
oil prices for northern ireland,0,22,0%,22.14
cheapest oil in ni,0,22,0%,23.82
taylor oil ballymoney,0,22,0%,38.45
home heating oil derry,0,22,0%,65.55
price of heating oil today,0,22,0%,76.55
oil heating price,0,22,0%,89.05
oil companies near me,0,21,0%,12.24
oil heating,0,21,0%,20.81
cheap oil prices ni,0,21,0%,30.76
oil prices in derry n ireland,0,21,0%,34.19
oil comparison site,0,21,0%,35.14
500l oil tank,0,21,0%,41
belfast heating oil,0,21,0%,54.38
heating oil price today,0,21,0%,54.43
price heating oil,0,21,0%,60.33
pa6 platten,0,21,0%,60.48
heating oil prices uk today,0,21,0%,84.48
new oil boiler cost northern ireland,0,21,0%,84.52
cost of heating oil today,0,21,0%,89
oil price in northern ireland,0,20,0%,11.55
price of oil northern ireland,0,20,0%,16.6
oil price today ni,0,20,0%,20.35
price of oil derry,0,20,0%,40.25
derry heating oil prices,0,20,0%,67.15
how much is heating oil at the moment,0,20,0%,70.4
heating oil best price,0,20,0%,80.05
cheapest oil prices in lisburn,0,20,0%,82.15
cost of home heating oil,0,20,0%,88.4
how to dispose of heating oil,0,19,0%,21.37
value oils quote,0,19,0%,30.79
cheap oil price,0,19,0%,58.68
oil prices for heating,0,19,0%,69.32
domestic heating oil prices today,0,19,0%,88.63
samsonite ersatzrollen,0,18,0%,13.67
cheapest heating oil prices near me,0,18,0%,18.06
ni cheapest oil,0,18,0%,23.39
domestic oil prices ni,0,18,0%,24.56
check oil prices ni,0,18,0%,25.39
heat oil prices,0,18,0%,36.72
cheapest oil n ireland,0,18,0%,38.72
belfast heating oil prices,0,18,0%,59.06
oil prices derry northern ireland,0,18,0%,61.06
price of oil in derry,0,18,0%,78.44
current cost of home heating oil,0,18,0%,78.94
current domestic oil prices,0,18,0%,81.28
compare domestic heating oil prices,0,18,0%,91.94
waterspeed wathose,0,17,0%,5.47
how much is heating oil,0,17,0%,25.06
home heating oil prices chart ni,0,17,0%,45.35
heating oil west belfast,0,17,0%,45.59
heating oil comparisons,0,17,0%,56.71
compare oil heating prices,0,17,0%,57.76
who is the cheapest for home heating oil,0,17,0%,59.29
cheapest oil prices in derry,0,17,0%,63.47
cheapest oil prices ballymena,0,17,0%,75.06
local oil prices,0,17,0%,77.35
cheap heating oil near me,0,16,0%,10.56
oblaten billa,0,16,0%,11.75
ni oil heating prices,0,16,0%,24.5
e-bike akku reparatur tranzx,0,16,0%,26.75
current heating oil prices per litre,0,16,0%,65.31
oil prices home heating,0,16,0%,74.06
cheapest oil lisburn,0,16,0%,76.56
oberschenkelbandage thi,0,15,0%,8.47
northern ireland heating oil,0,15,0%,11.87
consumer council oil prices,0,15,0%,13.2
oil,0,15,0%,19.13
mehlverbesserer,0,15,0%,21
home heating oil price northern ireland,0,15,0%,23.4
heating oil price near me,0,15,0%,27
cheapest heating oil near me,0,15,0%,27.73
oil prices in londonderry,0,15,0%,28.87
used cooking oil northern ireland,0,15,0%,51.4
cheap heating oil northern ireland,0,15,0%,60.13
emo oil prices,0,15,0%,96.8
oil price trends ni,0,14,0%,9.79
oil prices today ni,0,14,0%,17.5
oil prices tyrone,0,14,0%,19
cheapest heating oil in northern ireland,0,14,0%,20.93
cheapest oil prices derry,0,14,0%,36.64
carlisle fuels prices,0,14,0%,39.86
waste cooking oil collection northern ireland,0,14,0%,47.5
used cooking oil collection northern ireland,0,14,0%,50.57
lcc heating oil prices,0,14,0%,53.21
best home heating oil prices,0,14,0%,61.21
pa6 platte,0,14,0%,62
fuel oil prices,0,14,0%,82.21
obi felgensilber lack spray reviews,0,13,0%,3.31
help with heating oil,0,13,0%,7.54
etigee,0,13,0%,8.54
oil prices n.ireland,0,13,0%,9
mahlzeit edelstahl saftpresse cordoba silber reviews,0,13,0%,9.85
oil prices derry compare,0,13,0%,29.69
best home heating oil prices ni,0,13,0%,32.08
cheapest heating oil prices in northern ireland,0,13,0%,41.85
compare domestic oil prices,0,13,0%,44.38
heating oil prices ni 300 litres,0,13,0%,45.46
cheapest oil prices in northern ireland,0,13,0%,46.31
price of heating oil near me,0,13,0%,46.62
central heating oil prices ni,0,13,0%,49.31
compare prices of heating oil,0,13,0%,49.77
best price for oil,0,13,0%,50.69
heat oil price,0,13,0%,55.15
heating oil compare price,0,13,0%,56.69
price for heating oil,0,13,0%,62.46
house oil price,0,13,0%,63.85
cheapest oil newry,0,13,0%,84.77
heating oil prices current,0,13,0%,90
"original mercedes-benz nabendeckel radnabendeckel 4x b66470202 titansilber 
neu. mercedes-benz product info and reviews",0,12,0%,8.17
finney bros oil prices today,0,12,0%,9.25
heating oil prices in n ireland,0,12,0%,13.92
kfz regalsystem,0,12,0%,14
styroporkopf tedi,0,12,0%,14.83
cheapest oil prices in ni,0,12,0%,16.67
kerosene prices northern ireland,0,12,0%,28.92
heating oil ni chart,0,12,0%,30.75
current home heating oil prices ni,0,12,0%,34.75
current heating oil prices,0,12,0%,37.42
cheapest oil prices belfast,0,12,0%,41.83
tiergeruchsentferner,0,12,0%,47.67
how much is home heating oil,0,12,0%,73.33
waste cooking oil recycling ni,0,12,0%,79.5
heating oil price uk,0,12,0%,81.83
cost home heating oil,0,12,0%,89.75
prices for home heating oil,0,12,0%,90.17
juicy couture snuggle hobo,0,11,0%,1
oil suppliers near me,0,11,0%,7.45
nanami jjk merch,0,11,0%,10.64
bvb freundebuch,0,11,0%,11.91
oil heating ni,0,11,0%,21.18
sektfontaine,0,11,0%,27.45
cheap oil ni prices,0,11,0%,28.09
boilerjuice ni,0,11,0%,33.09
heating oil prices ireland,0,11,0%,39.82
dispose of heating oil,0,11,0%,42.36
compare oil prices belfast,0,11,0%,49.82
standard size of home heating oil tank,0,11,0%,50.45
cooking oil collection northern ireland,0,11,0%,60.91
boiler oil prices,0,11,0%,66.82
current heating oil cost,0,11,0%,71.64
cheapest for oil,0,11,0%,78.18
oil prices portadown,0,11,0%,82.09
cheap house oil,0,11,0%,95.18
body shimmer powder with brush,0,10,0%,1
home heating oil company near me,0,10,0%,1.6
oil tank replacement near me,0,10,0%,4.3
キタニタツヤスタッフ,0,10,0%,5
equsana iceland vit,0,10,0%,6.5
tm5 tm6 ritzel zahnrad stirnrad verriegelungsmotor,0,10,0%,8.6
"original mercedes-benz nabendeckel radnabendeckel 4x b66470202 titansilber 
neu. mercedes-benz reviews",0,10,0%,9.1
nasenpads selbstklebend rossmann,0,10,0%,10.6
steriler wundverband 10 x 15 rossmann,0,10,0%,10.7
oil prices n i,0,10,0%,14.7
disposal of contaminated heating oil,0,10,0%,21.3
cheap oil prices northern ireland,0,10,0%,24.3
home oil prices near me,0,10,0%,24.9
heating oil prices ni chart,0,10,0%,29.1
milpro hund,0,10,0%,34
cheap home heating oil northern ireland,0,10,0%,38.2
oil price derry,0,10,0%,38.2
oil comparison prices,0,10,0%,38.9
home heating oil prices for northern ireland,0,10,0%,44.6
oil prices ireland,0,10,0%,50.3
oil tank sizes for home heating oil,0,10,0%,57.7
cheapest home heating oil northern ireland,0,10,0%,60.8
oil heat prices,0,10,0%,65.8
oil prices heating,0,10,0%,68.5
price heating oil today,0,10,0%,70.7
latest heating oil prices,0,10,0%,71.7
heating fuel prices,0,10,0%,73.9
cheapest domestic oil,0,10,0%,78.9
ora ora overdrive account for sale,0,10,0%,78.9
ne oil prices,0,10,0%,82.9
oil for heating,0,10,0%,85.3
home heating oil rates,0,10,0%,87.5
home heating oil prices chart,0,10,0%,92.1
how much is heating oil now,0,10,0%,93.5
heat oil cost,0,10,0%,95.8
seirtand brand,0,9,0%,1
help with oil northern ireland,0,9,0%,6.33
oil heating near me,0,9,0%,8.11
lavaleir,0,9,0%,8.44
oil price tracker ni,0,9,0%,8.44
renegade station jeep parts,0,9,0%,9.22
en60252-1,0,9,0%,11.44
how much is oil in northern ireland,0,9,0%,14.78
finney bros oil prices,0,9,0%,15.22
oil price check ni,0,9,0%,16.78
ms-warenvertrieb,0,9,0%,20.78
motorsense helm,0,9,0%,22
local oil prices ni,0,9,0%,31
oil price compare,0,9,0%,32.33
heating oil northern ireland prices,0,9,0%,34.44
oil prices today northern ireland,0,9,0%,34.44
ral 6001 deutz,0,9,0%,35
heating oil antrim,0,9,0%,36.89
500l heating oil ni,0,9,0%,39.78
500 litres oil belfast,0,9,0%,41.33
northern ireland home heating oil prices,0,9,0%,42.22
heizkörperbürste für staubsauger,0,9,0%,45.33
oil prices today derry,0,9,0%,47.56
heating oil tanks sizes,0,9,0%,52.11
used cooking oil collection ni,0,9,0%,62.78
how much is home heating oil today,0,9,0%,77.89
price of oil for heating,0,9,0%,83.44
finney oil prices today northern ireland,0,8,0%,2.88
dachhaken für leiter obi,0,8,0%,3.12
bronsche,0,8,0%,3.5
emergency home heating oil,0,8,0%,4.25
heating oil vouchers northern ireland,0,8,0%,4.5
emergency heating oil drums near me,0,8,0%,4.62
schweißdecke obi,0,8,0%,6.12
van heugten teppichfliesen,0,8,0%,7.38
slothroo,0,8,0%,8.38
what price is oil in northern ireland,0,8,0%,9.12
how to reset lg uk495 tablet us cellular,0,8,0%,10.75
lieblingsköder wettermethode,0,8,0%,11.5
cabriodoc 2k-rapid-kleber,0,8,0%,11.88
große inspektion opel mokka kosten,0,8,0%,12.62
motorsense gesichtsschutz,0,8,0%,17.62
oil prices northern ireland graph,0,8,0%,18.12
waste oil collection ni,0,8,0%,21.62
cheapest oil belfast,0,8,0%,23
ni oil prices today,0,8,0%,25.62
domestic oil prices northern ireland,0,8,0%,30.62
cheapest oil in n ireland,0,8,0%,31.12
irwins oil prices,0,8,0%,32.75
how much is home heating oil in northern ireland,0,8,0%,33.88
cheapest oil antrim,0,8,0%,37.12
free waste cooking oil collection northern ireland,0,8,0%,37.62
oil prices derry city,0,8,0%,38.75
hitzeschutzschlauch für kabel,0,8,0%,40.62
cheapest oil prices n ireland,0,8,0%,42
"ni heating oil, fuel prices drop",0,8,0%,42.5
flry-b mehrfarbig,0,8,0%,48.75
cheapest oil in belfast,0,8,0%,48.88
oil prices co down,0,8,0%,52
compare prices heating oil,0,8,0%,54.5
rollcontainer 3-seitig,0,8,0%,55.5
heating oil prices omagh,0,8,0%,55.62
imker gebraucht,0,8,0%,68.75
oil prices ballymena,0,8,0%,73.62
cheapest kerosene prices,0,8,0%,73.88
uk heating oil prices,0,8,0%,77.5
domestic oil price,0,8,0%,77.88
stimmgerät korg aw 2,0,8,0%,88.5
home fuel oil prices,0,8,0%,92.12
home oil heating prices,0,8,0%,95.75
site:niheatingoil.com,0,7,0%,1
home heating oil help northern ireland,0,7,0%,4.29
heating oil compare ni,0,7,0%,5.29
dwell essentials plates,0,7,0%,5.86
finney oil prices today,0,7,0%,6.29
compare home heating oil prices near me,0,7,0%,7.57
home heating oil support scheme northern ireland,0,7,0%,8.29
2.000.040.454,0,7,0%,9.14
neff geschirrkorb unten 20000273 - unterkorb product info and reviews,0,7,0%,10.14
rapid heftklammern 13/6 (37/6) nr. 11830770 (ve=5000stck),0,7,0%,11.29
fuel oil prices near me,0,7,0%,12.14
geschenkpapier mit gesicht,0,7,0%,12.14
tranzx batterie reparieren,0,7,0%,13.86
cheapest home heating oil in northern ireland,0,7,0%,22.86
gesichtsschutz für freischneider,0,7,0%,25
home heating oil price ni,0,7,0%,27.43
oil prices in ireland,0,7,0%,28.14
heating oil derry,0,7,0%,31.43
waste oil burner northern ireland,0,7,0%,32.43
oil prices northern ireland today,0,7,0%,36
oil prices in derry,0,7,0%,41.29
heating oil price compare,0,7,0%,43
einadrige fahrzeugleitung,0,7,0%,43.57
home heating oil in ireland,0,7,0%,45.29
oil prices derry today,0,7,0%,45.43
oil prices ni graph,0,7,0%,47.29
oil price ireland,0,7,0%,50.29
heating oil prices newry,0,7,0%,51.86
standard oil tank sizes,0,7,0%,53
price comparison heating oil,0,7,0%,55.43
hazardous waste disposal northern ireland,0,7,0%,55.57
price of heating oil in ireland,0,7,0%,57.14
oil prices enniskillen,0,7,0%,60
heating oil prices portadown,0,7,0%,60.86
oil heating prices near me,0,7,0%,64.43
cost heating oil,0,7,0%,67.71
heating oil prices bangor,0,7,0%,68.43
cheap oil heating,0,7,0%,71.71
cheapest oil delivery,0,7,0%,79.71
home heating oil ireland,0,7,0%,85.43
boiler juice prices uk,0,7,0%,88.43
axiallüfter industrie,0,7,0%,88.71
price of domestic heating oil,0,7,0%,90.43
handhebezug,0,7,0%,91.57
heating fuel oil prices,0,7,0%,96.43
oil fast quote northern ireland,0,6,0%,1
ようはじ 高橋,0,6,0%,2
heating oil support northern ireland,0,6,0%,4.17
lisburn fuels,0,6,0%,4.17
altapharma steriler wundverband wasserdicht,0,6,0%,5.33
oil prices,0,6,0%,5.83
pn 10 eco-line,0,6,0%,8.17
bananenstecker media markt,0,6,0%,9.67
heating oil prices in n.ireland,0,6,0%,10.17
sm bb51,0,6,0%,10.67
vliesvelour,0,6,0%,10.67
"kinetic sports laufband elektrisch 10 km/h lcd-display fitnessgerät 
klappbar heimtrainer 750 w product info and reviews",0,6,0%,11.5
wundverband rossmann,0,6,0%,12.17
heating oil prices co down,0,6,0%,12.67
price of heating oil in northern ireland today,0,6,0%,13
alarmanlage garage handy,0,6,0%,14
best price home heating oil northern ireland,0,6,0%,14
free disposal of contaminated heating oil,0,6,0%,15.17
dicker jersey,0,6,0%,16.17
ni oil checker,0,6,0%,17.33
gesichtsschutz motorsense stihl,0,6,0%,18.17
cost of heating oil near me,0,6,0%,19
oil heating northern ireland,0,6,0%,20
home oil,0,6,0%,20.67
northern ireland oil,0,6,0%,21.5
heating oil prices antrim,0,6,0%,21.67
n ireland oil prices,0,6,0%,21.67
bewertungen bikeinn,0,6,0%,23.17
9.036-470.0,0,6,0%,24.67
aeg smart 485 staubsaugerbeutel,0,6,0%,24.67
tchibo cafissimo kapseln kakao,0,6,0%,25.33
price of heating oil in ni,0,6,0%,25.67
mob whiteboard,0,6,0%,27
price home heating oil near me,0,6,0%,29.33
jimmy choo baily,0,6,0%,34.33
home heating oil in northern ireland,0,6,0%,37.17
heating oil prices armagh,0,6,0%,37.33
weicher filz,0,6,0%,38.5
price oil heating,0,6,0%,40.17
heating oil prices comparison,0,6,0%,44.33
cheap oil n ireland,0,6,0%,45.17
ireland heating oil prices,0,6,0%,45.5
heating oil price tracker,0,6,0%,46.5
lg g pad f 8.0 user manual us cellular,0,6,0%,46.83
disposing of heating oil,0,6,0%,48.5
silber armband geflochten,0,6,0%,48.67
disposal of heating oil,0,6,0%,50
derry oil prices,0,6,0%,50.67
heating oil prices dungannon,0,6,0%,52.33
current fuel oil prices,0,6,0%,53
peugeot boxer laderaumverkleidung,0,6,0%,53
landsberger gemenge,0,6,0%,53.17
oil tank size,0,6,0%,54.17
handplasmaschneider,0,6,0%,64.33
cheapest price for heating oil,0,6,0%,67.83
lcc heating oil prices ni,0,6,0%,67.83
heating oil prices londonderry,0,6,0%,69.83
sekundenkleber mit aktivator spray,0,6,0%,73.5
vergoldete armreifen,0,6,0%,79.5
what is the price of heating oil,0,6,0%,81.83
oil prices newry,0,6,0%,82.5
oil price for home heating,0,6,0%,83.17
cheapest central heating oil,0,6,0%,86.83
central heating oil prices,0,6,0%,91
oil prices today home heating,0,6,0%,92.33
central heating oil price,0,6,0%,95.17
how much is 300 litres of oil in northern ireland,0,5,0%,1
となりのトトロ ポスター,0,5,0%,1
ヴィジェルブラン,0,5,0%,1
矢沢永吉 愛車 現在,0,5,0%,2
portland leather supernova,0,5,0%,2.6
home heating ni,0,5,0%,2.8
cheapest oil near me,0,5,0%,3
obi felgensilber lack spray product info and reviews,0,5,0%,3
home heating support ni,0,5,0%,4.4
heating oil suppliers near me prices,0,5,0%,4.8
"x autohaux crankcase breather schlauchrohr ventil kit für audi gummi 
06a103213f reviews",0,5,0%,5.4
heating oul,0,5,0%,5.6
edelstahl pn 10 eco-line,0,5,0%,7.2
oil prices near me today,0,5,0%,8
kopriband,0,5,0%,8.6
heating oil disposal near me,0,5,0%,10
kalamata gold extra virgin olive oil,0,5,0%,10.2
kartenmischmaschine smyths toys,0,5,0%,10.2
best home heating oil prices near me,0,5,0%,10.4
rossmann steriler wundverband,0,5,0%,10.4
wäscheetiketten rossmann,0,5,0%,10.4
order oil,0,5,0%,10.6
papierschirmchen dm,0,5,0%,10.6
riopan magen gel und pantoprazol zusammen,0,5,0%,10.6
natriumsulfat kaufen dm,0,5,0%,11
sm-bb51,0,5,0%,11
steriler wundverband wasserdicht rossmann,0,5,0%,11.2
best price oil ni,0,5,0%,11.6
cheapest oil ni prices today,0,5,0%,13.6
oil tanks ni,0,5,0%,15.4
hallenheizung sachsen,0,5,0%,16.6
compare ni,0,5,0%,17.4
lochblech langloch,0,5,0%,17.6
bauchnabelpiercing echtschmuck,0,5,0%,20
expander extra stark,0,5,0%,20
price of oil near me,0,5,0%,20.2
cafissimo kapseln kakao,0,5,0%,21.4
heating oil prices today near me,0,5,0%,23
luftmatratze selbstaufblasend 180x200,0,5,0%,23.2
best heating oil,0,5,0%,23.8
hartgummiplatte,0,5,0%,24.2
compare oil prices ireland,0,5,0%,27
magenta tv box fernbedienung,0,5,0%,27.6
palettenschein vorlage,0,5,0%,30.2
oil.prices ni,0,5,0%,30.6
fernbedienung magenta tv box,0,5,0%,32.2
polyesterschaum,0,5,0%,33
cheapest heating oil in belfast,0,5,0%,33.4
go compare oil prices,0,5,0%,34
princess diana figurines,0,5,0%,35
curves 360 by nydj dresses,0,5,0%,37
belfast oil prices,0,5,0%,37.8
silikon stecker ohrringe,0,5,0%,41.6
oil prices fermanagh,0,5,0%,41.8
home oil tank sizes,0,5,0%,42.2
oil price check,0,5,0%,42.6
heating oil tank size,0,5,0%,43.8
oil prices omagh,0,5,0%,43.8
oil prices comparison,0,5,0%,45.2
cheap heating oil belfast,0,5,0%,47.8
umreifung zurrgurt,0,5,0%,50.6
oilprices.ie,0,5,0%,51
edelstahlblechzuschnitte,0,5,0%,52.2
oil prices in derry today,0,5,0%,54.2
heating oil tank dimensions,0,5,0%,55.6
adapter danfoss ravl,0,5,0%,60.4
rechteckprofile,0,5,0%,63.4
salztabletten regeneriersalz,0,5,0%,63.8
gitterplatten kunststoff,0,5,0%,64.6
edelstahlgriffe rund,0,5,0%,65.6
sat erdungsblock,0,5,0%,69.2
six creolen gold,0,5,0%,71.6
kautschukband selbstklebend,0,5,0%,72.6
comparing oil prices,0,5,0%,72.8
schmuckservice,0,5,0%,73.2
wanddusche edelstahl,0,5,0%,73.4
rohrhaken kunststoff,0,5,0%,75.6
current price of domestic heating oil,0,5,0%,77.4
ritchie fuels oil prices,0,5,0%,78
magnetscheiben,0,5,0%,81.2
domestic heating oil price,0,5,0%,83.2
furnace oil price today,0,5,0%,84.6
home heating oil ballymena prices,0,5,0%,86.6
heating oil prices lurgan,0,5,0%,90
price home heating oil,0,5,0%,90.4
oil for heating prices,0,5,0%,91
heating oil prices ni 1000 litres,0,5,0%,91.2
cost of oil for home heating,0,5,0%,92
heating oil pricing,0,5,0%,94.2
how much per litre is heating oil,0,5,0%,94.2
cheapest heating oil uk,0,5,0%,96.2
how much is heating oil today,0,5,0%,99
heat oil,0,5,0%,99.6
70s mini dress #f684a8,0,4,0%,1
chiikawa fish,0,4,0%,1
juicy couture snuggle hobo bag,0,4,0%,1
prada track jacket,0,4,0%,1
wasserglas chemie,0,4,0%,1
hf2881-100,0,4,0%,1.5
emergency heating oil,0,4,0%,2
home heating oil northern ireland cheaper,0,4,0%,2.25
kennzeichen hf,0,4,0%,2.25
300 litres heating oil,0,4,0%,2.5
四十七大戦 りりくじ,0,4,0%,3.5
besnin,0,4,0%,4
heating oil suppliers,0,4,0%,4
thehighlights キティ,0,4,0%,4
nene room,0,4,0%,5
compare ni oil prices,0,4,0%,7
geradkegelrad,0,4,0%,7
fennel73986,0,4,0%,7.25
0il prices ni,0,4,0%,7.75
heating oil delivery near me,0,4,0%,7.75
rösle passiersieb,0,4,0%,8
paketfolie,0,4,0%,8.5
sram t3 schaltzug wechseln,0,4,0%,8.75
cheapest heating oil price near me,0,4,0%,9
futtermais samen,0,4,0%,9.5
heating oil price per litre northern ireland,0,4,0%,9.75
meyer hochdruckreiniger,0,4,0%,10
wilesco aggregat,0,4,0%,10
liedeco aluminium-jalousie reviews,0,4,0%,10.25
backofenschutzfolie lidl,0,4,0%,10.5
home heating prices near me,0,4,0%,10.5
regendecke amigo 145,0,4,0%,10.75
steriler wundverband rossmann,0,4,0%,10.75
value oils,0,4,0%,11.5
cheapest heating oil prices in my area today near me,0,4,0%,12.25
auto dekorschutzleiste,0,4,0%,13
hochdruckreiniger entkalken,0,4,0%,14.5
hefeflocken billa,0,4,0%,15.5
cheapestoilni,0,4,0%,16.75
heating oil portglenone,0,4,0%,18
mautner markhof sirup 0 zucker,0,4,0%,18
fuchs fettkartuschen,0,4,0%,19.75
cheapest oil ni prices,0,4,0%,21.25
möbelstoff landhaus gestreift,0,4,0%,21.75
tranzx batterie reparatur,0,4,0%,22.5
schrumpfschlauch silikon,0,4,0%,23.5
welle g6,0,4,0%,24.25
standard home heating oil tank size,0,4,0%,25.25
apothekenfuchs,0,4,0%,26.25
prices of heating oil near me,0,4,0%,26.25
home heating oil prices today near me,0,4,0%,26.75
lino lada lidl,0,4,0%,26.75
cheapest heating oil prices belfast,0,4,0%,27
oil prices compare,0,4,0%,27.5
sterlingsilber chains,0,4,0%,27.5
bird collector plates,0,4,0%,28.5
wandhalterung telefunken,0,4,0%,28.75
pa6 zuschnitt,0,4,0%,29.5
lg g pad f 8.0 2nd gen us cellular,0,4,0%,29.75
standard oil tank size,0,4,0%,31.25
schaltkasten kunststoff,0,4,0%,31.5
400x300x200 mm,0,4,0%,32
fußschalter 230v,0,4,0%,33
gummilippe transparent,0,4,0%,33.75
audi a6 4g querlenker vorne,0,4,0%,36.25
curves 360 by nydj jackets,0,4,0%,38.5
piko 50652,0,4,0%,39
sticker applicator,0,4,0%,40.75
druckminen,0,4,0%,41
emo oil prices ni,0,4,0%,41.25
home heating oil tank sizes,0,4,0%,44.25
dunlop gummistiefel thermo,0,4,0%,45
abdeckleiste mit dichtlippe,0,4,0%,45.25
house oil prices,0,4,0%,46.25
reifenmontierhebel lkw,0,4,0%,47
heating oil prices in ireland,0,4,0%,47.5
feinschnitt tabak megabox,0,4,0%,47.75
hybridgewebe,0,4,0%,48.25
oil prices antrim,0,4,0%,49.75
sub d stecker 9 polig schraubbar,0,4,0%,50.25
kugelarmband herren,0,4,0%,50.75
fuel prices ni,0,4,0%,52
heating oil near me prices,0,4,0%,52
home oil tank size,0,4,0%,52
plexiglasrohr kaufen,0,4,0%,53.75
hp laserjet pro 200 color mfp m276nw toner schwarz,0,4,0%,54.25
kfz regal,0,4,0%,54.75
lisburn fuels oil prices 900 litres,0,4,0%,55.5
pure resin pc 003,0,4,0%,56.75
heating oil dungannon,0,4,0%,59
folienstift wasserfest,0,4,0%,59.5
audio koaxial verteiler,0,4,0%,59.75
heating oil price ireland,0,4,0%,59.75
value oils prices,0,4,0%,59.75
turtle wax pro,0,4,0%,60.25
ireland oil prices,0,4,0%,61.75
standard size home heating oil tank,0,4,0%,62.5
rohrschellen 65mm,0,4,0%,63.25
cheapest heating oil prices near magherafelt,0,4,0%,64.5
price of 900 litres of heating oil in ni,0,4,0%,64.5
cheapest oil coleraine,0,4,0%,65.25
go oil prices ni,0,4,0%,66.5
cheaper oil prices,0,4,0%,66.75
riverside oil antrim,0,4,0%,66.75
oil prices dungannon,0,4,0%,68.25
what is the current price of heating oil uk,0,4,0%,68.5
karton 350x250x100 mm,0,4,0%,69.25
home heating oil belfast,0,4,0%,71.75
oil direct ni,0,4,0%,73.5
multi flex dental,0,4,0%,75
domestic oil prices today,0,4,0%,75.25
tierheilpraktiker starterset,0,4,0%,76.25
what are heating oil prices today,0,4,0%,76.75
"""allwetterreifen kaufen""",0,4,0%,77.75
gebrauchter imkereibedarf,0,4,0%,78.5
kerosene oil prices,0,4,0%,79.25
schwerlastschelle,0,4,0%,79.25
affordable heating oil,0,4,0%,82.25
oil prices lisburn,0,4,0%,82.5
what is the price of heating oil today,0,4,0%,85
home heat oil prices,0,4,0%,85.25
schmiernippelkappen,0,4,0%,87.5
central heating oil price today,0,4,0%,90.25
bremsleitung 5m,0,4,0%,92.25
heating oil comparison price,0,4,0%,93.25
domestic fuel oil prices,0,4,0%,94.5
abwass,0,4,0%,95.75
does heating oil evaporate,0,4,0%,100.5
310847-01,0,3,0%,1
mlp sunburst plush,0,3,0%,1
olivia rue,0,3,0%,1
plastik paketband,0,3,0%,1
polka dot sweat set,0,3,0%,1
pvc handlauf endkappe,0,3,0%,1
schmelzpunkt von zinn,0,3,0%,1
tom ford color changing lipstick,0,3,0%,1
heat pump engineers near me,0,3,0%,1.67
home heating oil suppliers near me,0,3,0%,2
louis vuitton danube sizes,0,3,0%,2
oil company,0,3,0%,2.33
oil voucher ni,0,3,0%,2.67
carlovan watch,0,3,0%,3
oil heating service near me,0,3,0%,3.33
32b brown corset,0,3,0%,3.67
heating oil prices near me today,0,3,0%,3.67
バーバラ ディズニー,0,3,0%,3.67
home heating oil delivery,0,3,0%,4
oil delivery,0,3,0%,4
globus baumarkt multiplex,0,3,0%,4.67
home.heating oil,0,3,0%,5
oil delivery prices near me,0,3,0%,6
100 litres heating oil,0,3,0%,7
current heating oil price northern ireland per litre,0,3,0%,7
current heating oil prices near me,0,3,0%,7
oil tanks northern ireland,0,3,0%,7
ストイケイア 汎用,0,3,0%,7
disposal of contaminated heating oil near me,0,3,0%,7.33
oil.prices near me,0,3,0%,7.33
sure face,0,3,0%,7.33
cheapest home oil prices near me,0,3,0%,7.67
kings arbeitsschuhe,0,3,0%,7.67
leerrohr verbinder,0,3,0%,7.67
hesting oil,0,3,0%,8
leerrohr verbinder m25,0,3,0%,8
biotechu,0,3,0%,8.33
consumer council for northern ireland,0,3,0%,8.33
home heating oil companies in my area,0,3,0%,8.33
altapharma steriler wundverband,0,3,0%,8.67
heating oil tank suppliers near halifax,0,3,0%,8.67
heating oil.prices,0,3,0%,8.67
93010732101,0,3,0%,9
current oil prices near me,0,3,0%,9
heating oil quotes near me,0,3,0%,9.33
oil comparison northern ireland,0,3,0%,9.33
500 gallon oil tank ni,0,3,0%,9.67
dracula verkleidung,0,3,0%,10.33
25 litre heating oil near me,0,3,0%,10.67
alu servierplatten tedi,0,3,0%,10.67
bose ta55,0,3,0%,10.67
kleine inspektion opel mokka kosten,0,3,0%,10.67
gmyrek braunschweiger mettwurst,0,3,0%,11
heating oil at the pump near me,0,3,0%,12
inspektion opel mokka kosten,0,3,0%,12
tupperware tafelperle 2100 ml,0,3,0%,12
gurkenhobel testsieger,0,3,0%,12.33
hp laserjet pro 200 color mfp m276nw toner preisvergleich,0,3,0%,12.33
dackel auf englisch,0,3,0%,12.67
kuminpulver,0,3,0%,12.67
fortnite geburtstagskarte,0,3,0%,13
patronenbob,0,3,0%,13.33
araucana eier preis,0,3,0%,13.67
cheap oil prices near me,0,3,0%,13.67
disposal of contaminated heating oil cost,0,3,0%,13.67
oil tank replacement northern ireland,0,3,0%,13.67
12v funkschalter wohnmobil,0,3,0%,14
kosten inspektion opel mokka,0,3,0%,14.33
grabstein für sternenkind,0,3,0%,14.67
home heating oil prices near me today,0,3,0%,14.67
amigo regendecke 145,0,3,0%,15
lesesonnenbrille damen,0,3,0%,15
finney oil price,0,3,0%,15.33
pneumatikfittings,0,3,0%,15.33
sonax mattlack pflege,0,3,0%,15.67
oil burner service near me,0,3,0%,17
erbskette gold 750,0,3,0%,17.33
sterile pflaster rossmann,0,3,0%,17.67
lattenrost gummis,0,3,0%,18.67
flexrohr 42 mm,0,3,0%,19
multiplexplatte globus,0,3,0%,19
hollert lammfell hausschuhe,0,3,0%,19.67